,Unnamed: 0,Unnamed: 0.1,report_id,date_time,police_beat,address_number_primary,address_pd_primary,address_road_primary,address_sfx_primary,address_pd_intersecting,address_name_intersecting,address_sfx_intersecting,violation_section,violation_type,charge_desc,injured,killed,hit_run_lvl,lat,lng
0,0,0,171099,2017-02-05 02:49:00,529,2800, ,04TH,AVENUE, , , ,22107,VC,TURNING MOVEMENTS AND REQUIRED SIGNALS,1,0,,32.687228000000005,-117.0778173
1,1,1,170977,2017-02-05 06:21:00,313,6400, ,CONVOY,COURT, , , ,22350,VC,VIOLATION OF BASIC SPEED LAW SPEED UNSAFE FOR CONDITIONS,0,0,MISDEMEANOR,32.8350409,-117.1690993
2,2,2,171097,2017-02-05 10:57:00,123,500, ,SEA WORLD,DRIVE, , , ,22107,VC,TURNING MOVEMENTS AND REQUIRED SIGNALS,1,0,,32.7641067,-117.2262649
3,3,3,171145,2017-02-05 11:07:00,521,1200, ,G,STREET, , , ,22107,VC,TURNING MOVEMENTS AND REQUIRED SIGNALS,0,0,MISDEMEANOR,32.7126131,-117.1538373
4,4,4,171011,2017-02-05 11:22:00,313,7600, ,BALBOA,AVENUE, , , ,21453A,VC,RED OR STOPVEHICLES STOP AT LIMIT LINE,1,0,,32.822349100000004,-117.1594129
5,5,5,171037,2017-02-05 14:00:00,122,1700, ,GARNET,AVENUE, , , ,22107,VC,TURNING MOVEMENTS AND REQUIRED SIGNALS,0,0,MISDEMEANOR,32.800201,-117.238991
6,6,6,171209,2017-02-05 14:25:00,611,4000, ,PACIFIC,HIGHWAY, , , ,21703,VC,FOLLOWING TOO CLOSELY,0,0,MISDEMEANOR,32.7431339,-117.1906293
7,7,7,171170,2017-02-05 14:33:00,312,10700, ,AVENIDA PLAYA VERACR, , , , ,22107,VC,TURNING MOVEMENTS AND REQUIRED SIGNALS,0,0,MISDEMEANOR,32.83458710000001,-117.09613020000002
8,8,8,171021,2017-02-05 18:01:00,122,1200, ,GARNET,AVENUE, , , ,22350,VC,VIOLATION OF BASIC SPEED LAW SPEED UNSAFE FOR CONDITIONS,1,0,,32.7985546,-117.2480918
9,9,9,171491,2017-02-05 19:00:00,813,3300, ,THORN,STREET, , , ,MISC-HAZ,VC,MISCELLANEOUS HAZARDOUS VIOLATIONS OF THE VEHICLE CODE,0,0,MISDEMEANOR,32.7392558,-117.1230756
10,10,10,171022,2017-02-05 19:31:00,115,9500, ,GENESEE,AVENUE, , , ,22107,VC,TURNING MOVEMENTS AND REQUIRED SIGNALS,2,0,,32.8796969,-117.2158394
11,11,11,170966,2017-02-05 19:45:00,613,2200, ,CHATSWORTH,BOULEVARD, , , ,22107,VC,TURNING MOVEMENTS AND REQUIRED SIGNALS,0,0,MISDEMEANOR,32.739397,-117.2278064
12,12,12,170990,2017-02-05 20:11:00,614,4700, ,NARRAGANSETT,AVENUE, , , ,22107,VC,TURNING MOVEMENTS AND REQUIRED SIGNALS,0,0,,32.7419936,-117.2473336
13,13,13,171098,2017-02-05 20:32:00,522,300, ,04TH,AVENUE, , , ,22100B,VC,LEFT TURNS AT INTERSECTIONS,1,0,,32.7252971,-117.16094040000002
14,14,14,171306,2017-02-05 20:43:00,122,1500, ,GARNET,AVENUE, , , ,22350,VC,VIOLATION OF BASIC SPEED LAW SPEED UNSAFE FOR CONDITIONS,1,0,,32.7996027,-117.24275790000002
15,15,15,171029,2017-02-05 21:00:00,437,0, ,ALTA VIEW,DRIVE, ,PARKSIDE,AVENUE,22450(A),VC,STOP REQUIREMENTS STATE STOP LINE,0,0,MISDEMEANOR,32.6799208,-117.0463689
16,16,16,171138,2017-02-05 21:20:00,627,400, ,UNIVERSITY,AVENUE, , , ,22107,VC,TURNING MOVEMENTS AND REQUIRED SIGNALS,0,0,,32.7482533,-117.1616255
17,17,17,171127,2017-02-05 22:01:00,526,1500, ,09TH,AVENUE, , , ,22107,VC,TURNING MOVEMENTS AND REQUIRED SIGNALS,0,0,,32.715738,-117.1610838
18,18,18,171157,2017-02-05 22:23:00,934,3700, ,DEL MAR HEIGHTS,ROAD, , , ,22106,VC,STARTING PARKED VEHICLES OR BACKING,0,0,,32.9563725,-117.2259428
19,19,19,171020,2017-02-05 23:47:00,111,6500, ,BALBOA,AVENUE, , , ,21453A,VC,RED OR STOPVEHICLES STOP AT LIMIT LINE,2,0,,32.8205248,-117.1724292
20,20,20,171184,2017-02-06 00:01:00,246,10600, ,WEXFORD,STREET, , , ,MISC-HAZ,VC,MISCELLANEOUS HAZARDOUS VIOLATIONS OF THE VEHICLE CODE,0,0,MISDEMEANOR,32.9389168,-117.1001835
21,21,21,171081,2017-02-06 00:01:00,327,7200, ,MOHAWK,STREET, , , ,22107,VC,TURNING MOVEMENTS AND REQUIRED SIGNALS,0,0,MISDEMEANOR,32.76985020000001,-117.0426524
22,22,22,171035,2017-02-06 00:11:00,813,2900, ,PALM,STREET, , , ,22107,VC,TURNING MOVEMENTS AND REQUIRED SIGNALS,0,0,MISDEMEANOR,32.73563,-117.1314528
23,23,23,171068,2017-02-06 00:51:00,811,4300, ,36TH,STREET, , , ,22107,VC,TURNING MOVEMENTS AND REQUIRED SIGNALS,1,0,,32.7552964,-117.1157874
24,24,24,171493,2017-02-06 02:00:00,432,5600, ,BONITA,DRIVE, , , ,22107,VC,TURNING MOVEMENTS AND REQUIRED SIGNALS,0,0,MISDEMEANOR,32.69841160000001,-117.0754747
25,25,25,171044,2017-02-06 02:02:00,813,3700, ,FLORIDA,STREET, , , ,22107,VC,TURNING MOVEMENTS AND REQUIRED SIGNALS,0,0,MISDEMEANOR,32.7450872,-117.1437125
26,26,26,171233,2017-02-06 06:11:00,121,1200, ,EL CARMEL,PLACE, , , ,MISC-HAZ,VC,MISCELLANEOUS HAZARDOUS VIOLATIONS OF THE VEHICLE CODE,0,0,,32.7786734,-117.2488185
27,27,27,171301,2017-02-06 12:20:00,235,19100, ,SAN PASQUAL VALLEY,ROAD, , , ,22107,VC,TURNING MOVEMENTS AND REQUIRED SIGNALS,1,0,,33.1021997,-117.0351466
28,28,28,171272,2017-02-06 13:37:00,126,10600, ,NORTH TORREY PINES,ROAD, , , ,MISC-HAZ,VC,MISCELLANEOUS HAZARDOUS VIOLATIONS OF THE VEHICLE CODE,0,0,MISDEMEANOR,32.89537369999999,-117.2414655
29,29,29,171059,2017-02-06 14:55:00,115,3600, ,GOVERNOR,DRIVE, , , ,22350,VC,VIOLATION OF BASIC SPEED LAW SPEED UNSAFE FOR CONDITIONS,3,0,,32.8522813,-117.2101065
30,30,30,171054,2017-02-06 15:32:00,434,8400, ,SAN FELIPE,STREET, , , ,21803A,VC,YIELD SIGNSYIELD UNTIL REASONABLY SAFE,1,0,,32.7092425,-117.0253511
31,31,31,171193,2017-02-06 16:00:00,315,1600, ,CAM DEL RIO, , , , ,MISC-HAZ,VC,MISCELLANEOUS HAZARDOUS VIOLATIONS OF THE VEHICLE CODE,0,0,MISDEMEANOR,32.7671158,-117.1488738
32,32,32,171323,2017-02-06 16:12:00,826,4800, ,UNIVERSITY,AVENUE, , , ,21804,VC,ENTERING HWY FROM PRIVATE ROAD OR DRIVEWAY,0,0,MISDEMEANOR,32.7495365,-117.0912188
33,33,33,171055,2017-02-06 16:23:00,433,5800, ,BROOKLYN,AVENUE, , , ,21950A,VC,YIELD RIGHT OF WAY TO PEDESTRIANS,1,0,,32.7131923,-117.0705004
34,34,34,171079,2017-02-06 17:30:00,243,9700, ,MIRAMAR,ROAD, , , ,MISC-HAZ,VC,MISCELLANEOUS HAZARDOUS VIOLATIONS OF THE VEHICLE CODE,0,0,MISDEMEANOR,32.8941581,-117.1204371
35,35,35,171089,2017-02-06 18:03:00,321,10000, ,FRIARS,ROAD, , , ,22350,VC,VIOLATION OF BASIC SPEED LAW SPEED UNSAFE FOR CONDITIONS,2,0,,32.7888528,-117.1116335
36,36,36,171132,2017-02-06 18:16:00,441,900,S,45TH,STREET, , , ,21950B,VC,PEDESTRIAN NOT TO SUDDENLY ENTER PATH ETC,1,0,,32.715072,-117.0978524
37,37,37,171032,2017-02-06 18:20:00,441,4400, ,LOGAN,AVENUE, , , ,21801A,VC,LEFT TURN YIELD UNTIL SAFE OR U-TURN,1,0,MISDEMEANOR,32.696850899999994,-117.1002283
38,38,38,171311,2017-02-06 18:44:00,242,9600, ,CARROLL CANYON,ROAD, , , ,21954A,VC,PEDESTRIANS OUTSIDE CROSSWALKS,1,0,,32.9032359,-117.1200736
39,39,39,171476,2017-02-06 19:34:00,627,0, ,06TH,AVENUE, ,PENNSYLVANIA,AVENUE,21456B,VC,PEDESTRIAN TRAFFIC 'WAIT' SIGN,1,0,,32.712074,-117.158949
40,40,40,171090,2017-02-06 19:45:00,321,9900, ,FRIARS,ROAD, , , ,22107,VC,TURNING MOVEMENTS AND REQUIRED SIGNALS,1,0,,32.7886501,-117.1125521
41,41,41,171076,2017-02-06 21:10:00,314,3400, ,OLGA,AVENUE, , , ,22107,VC,TURNING MOVEMENTS AND REQUIRED SIGNALS,0,0,MISDEMEANOR,32.804451199999995,-117.1524536
42,42,42,171324,2017-02-06 23:30:00,518,2800, ,DATE,STREET, , , ,22107,VC,TURNING MOVEMENTS AND REQUIRED SIGNALS,0,0,MISDEMEANOR,32.7234441,-117.1338435
43,43,43,171113,2017-02-07 00:01:00,615,3000, ,BYRON,STREET, , , ,22107,VC,TURNING MOVEMENTS AND REQUIRED SIGNALS,0,0,MISDEMEANOR,32.7225796,-117.2309606
44,44,44,171143,2017-02-07 00:01:00,122,1100, ,PACIFIC BEACH,DRIVE, , , ,MISC-HAZ,VC,MISCELLANEOUS HAZARDOUS VIOLATIONS OF THE VEHICLE CODE,0,0,MISDEMEANOR,32.7921659,-117.248288
45,45,45,171363,2017-02-07 05:10:00,123,0, ,CLAIREMONT,DRIVE, ,I-5 SB, ,22350,VC,VIOLATION OF BASIC SPEED LAW SPEED UNSAFE FOR CONDITIONS,0,0,,32.8117985,-117.2009211
46,46,46,171121,2017-02-07 06:30:00,612,2900, ,CHATSWORTH,BOULEVARD, , , ,22107,VC,TURNING MOVEMENTS AND REQUIRED SIGNALS,1,0,,32.7447264,-117.2162143
47,47,47,171285,2017-02-07 07:31:00,723,600, ,BEYER,WAY, , , ,21804,VC,ENTERING HWY FROM PRIVATE ROAD OR DRIVEWAY,1,0,,32.5852168,-117.0623211
48,48,48,171123,2017-02-07 07:55:00,838,3800, ,ORANGE,AVENUE, , , ,21804,VC,ENTERING HWY FROM PRIVATE ROAD OR DRIVEWAY,1,0,,32.7532613,-117.1118609
49,49,49,171074,2017-02-07 08:35:00,313,4800, ,CONVOY,STREET, , , ,22107,VC,TURNING MOVEMENTS AND REQUIRED SIGNALS,0,0,MISDEMEANOR,32.8290731,-117.1533104
50,50,50,171075,2017-02-07 08:47:00,613,4400, ,CASTELAR,STREET, , , ,22107,VC,TURNING MOVEMENTS AND REQUIRED SIGNALS,0,0,MISDEMEANOR,32.749144300000005,-117.2354882
51,51,51,171128,2017-02-07 09:25:00,528,2000, ,COLUMBIA,STREET, , , ,MISC-HAZ,VC,MISCELLANEOUS HAZARDOUS VIOLATIONS OF THE VEHICLE CODE,2,0,,32.725666600000004,-117.1681849
52,52,52,171093,2017-02-07 10:41:00,122,4600, ,MISSION BAY,DRIVE, , , ,21950B,VC,PEDESTRIAN NOT TO SUDDENLY ENTER PATH ETC,1,0,,32.8046341,-117.2185844
53,53,53,171108,2017-02-07 14:00:00,246,10100, ,SCRIPPS POWAY,PARKWAY, , , ,MISC-HAZ,VC,MISCELLANEOUS HAZARDOUS VIOLATIONS OF THE VEHICLE CODE,0,0,MISDEMEANOR,32.936475800000004,-117.110556
54,54,54,171316,2017-02-07 14:57:00,521,400, ,PARK,BOULEVARD, , , ,22107,VC,TURNING MOVEMENTS AND REQUIRED SIGNALS,0,0,,32.7094315,-117.15380220000002
55,55,55,171135,2017-02-07 16:23:00,435,6600, ,MALLARD,STREET, , , ,22107,VC,TURNING MOVEMENTS AND REQUIRED SIGNALS,0,0,,32.7295552,-117.0562301
56,56,56,171124,2017-02-07 16:44:00,823,4000, ,60TH,STREET, , , ,22350,VC,VIOLATION OF BASIC SPEED LAW SPEED UNSAFE FOR CONDITIONS,2,0,,32.7499593,-117.0673164
57,57,57,171218,2017-02-07 17:00:00,811,3700, ,MEADE,AVENUE, , , ,22107,VC,TURNING MOVEMENTS AND REQUIRED SIGNALS,0,0,MISDEMEANOR,32.757159,-117.1130506
58,58,58,171092,2017-02-07 17:28:00,123,400, ,SEA WORLD,DRIVE, , , ,22107,VC,TURNING MOVEMENTS AND REQUIRED SIGNALS,1,0,,32.761387,-117.2240883
59,59,59,171612,2017-02-07 17:49:00,451,5700, ,REDWOOD,STREET, , , ,21954A,VC,PEDESTRIANS OUTSIDE CROSSWALKS,2,0,,32.740740100000004,-117.0735414
60,60,60,171088,2017-02-07 18:00:00,311,3700, ,MURPHY CANYON,ROAD, , , ,21453A,VC,RED OR STOPVEHICLES STOP AT LIMIT LINE,1,0,,32.8086339,-117.1169775
61,61,61,171085,2017-02-07 18:15:00,611,2300, ,CUSHING,ROAD, , , ,22350,VC,VIOLATION OF BASIC SPEED LAW SPEED UNSAFE FOR CONDITIONS,0,0,,32.7334624,-117.2161686
62,62,62,171091,2017-02-07 18:51:00,122,2700, ,GARNET,AVENUE, , , ,21703,VC,FOLLOWING TOO CLOSELY,1,0,,32.8058978,-117.2215277
63,63,63,171103,2017-02-07 19:30:00,451,5200, ,FEDERAL,BOULEVARD, , , ,22106,VC,STARTING PARKED VEHICLES OR BACKING,0,0,MISDEMEANOR,32.72149960000001,-117.082632
64,64,64,171144,2017-02-07 20:14:00,324,7300, ,NAVAJO,ROAD, , , ,21651B,VC,DRIVE THE WRONG WAY ON A DIVIDED HIGHWAY,0,0,MISDEMEANOR,32.804320000000004,-117.0383218
65,65,65,171087,2017-02-07 20:17:00,241,10700, ,SCRIPPS RANCH,BOULEVARD, , , ,21453A,VC,RED OR STOPVEHICLES STOP AT LIMIT LINE,2,0,,32.9129953,-117.1101741
66,66,66,171219,2017-02-07 23:56:00,813,3800, ,FLORIDA,STREET, , , ,22106,VC,STARTING PARKED VEHICLES OR BACKING,0,0,MISDEMEANOR,32.747598100000005,-117.144019
67,67,67,171211,2017-02-08 00:00:00,722,2700, ,WARDLOW,AVENUE, , , ,22107,VC,TURNING MOVEMENTS AND REQUIRED SIGNALS,0,0,MISDEMEANOR,32.5614725,-117.0754215
68,68,68,171183,2017-02-08 00:01:00,315,2100, ,CAM DEL ESTE, , , , ,MISC-HAZ,VC,MISCELLANEOUS HAZARDOUS VIOLATIONS OF THE VEHICLE CODE,0,0,MISDEMEANOR,32.771975399999995,-117.1445322
69,69,69,171281,2017-02-08 00:01:00,124,8100, ,LA JOLLA SHORES,DRIVE, , , ,MISC-HAZ,VC,MISCELLANEOUS HAZARDOUS VIOLATIONS OF THE VEHICLE CODE,0,0,MISDEMEANOR,32.8537971,-117.2541451
70,70,70,171169,2017-02-08 00:01:00,122,800, ,TURQUOISE,STREET, , , ,22107,VC,TURNING MOVEMENTS AND REQUIRED SIGNALS,0,0,MISDEMEANOR,32.8086485,-117.2591787
71,71,71,171078,2017-02-08 00:07:00,122,4300, ,OCEAN,BOULEVARD, , , ,22107,VC,TURNING MOVEMENTS AND REQUIRED SIGNALS,0,0,MISDEMEANOR,32.7934429,-117.2557294
72,72,72,171077,2017-02-08 01:42:00,122,4400, ,BAYARD,STREET, , , ,22107,VC,TURNING MOVEMENTS AND REQUIRED SIGNALS,0,0,MISDEMEANOR,32.795134600000004,-117.2531093
73,73,73,171105,2017-02-08 02:30:00,115,6600, ,RADCLIFFE,DRIVE, , , ,22107,VC,TURNING MOVEMENTS AND REQUIRED SIGNALS,0,0,MISDEMEANOR,32.8559424,-117.206523
74,74,74,171235,2017-02-08 08:42:00,627,3700, ,BRANT,STREET, , , ,22106,VC,STARTING PARKED VEHICLES OR BACKING,0,0,,32.7449778,-117.16687009999998
75,75,75,171129,2017-02-08 11:18:00,115,8100, ,GENESEE,AVENUE, , , ,MISC-HAZ,VC,MISCELLANEOUS HAZARDOUS VIOLATIONS OF THE VEHICLE CODE,1,0,,32.8643558,-117.2127961
76,76,76,172217,2017-02-08 11:30:00,111,7200, ,MESA COLLEGE,DRIVE, , , ,22350,VC,VIOLATION OF BASIC SPEED LAW SPEED UNSAFE FOR CONDITIONS,0,0,,32.802974,-117.1635048
77,77,77,171130,2017-02-08 12:00:00,111,7500, ,BALTIC,STREET, , , ,22350,VC,VIOLATION OF BASIC SPEED LAW SPEED UNSAFE FOR CONDITIONS,1,0,,32.8057374,-117.1599256
78,78,78,171125,2017-02-08 12:20:00,311,3600, ,MURPHY CANYON,ROAD, , , ,MISC-HAZ,VC,MISCELLANEOUS HAZARDOUS VIOLATIONS OF THE VEHICLE CODE,1,0,,32.807694,-117.116291
79,79,79,171345,2017-02-08 12:33:00,451,3400, ,COLLEGE,AVENUE, , , ,22106,VC,STARTING PARKED VEHICLES OR BACKING,0,0,,32.7422586,-117.0516876
80,80,80,171271,2017-02-08 13:00:00,111,7700, ,MESA COLLEGE,DRIVE, , , ,MISC-HAZ,VC,MISCELLANEOUS HAZARDOUS VIOLATIONS OF THE VEHICLE CODE,0,0,MISDEMEANOR,32.801955,-117.1539807
81,81,81,171147,2017-02-08 13:34:00,124,2000, ,TORREY PINES,ROAD, , , ,21801A,VC,LEFT TURN YIELD UNTIL SAFE OR U-TURN,1,0,,32.8498304,-117.259306
82,82,82,171258,2017-02-08 15:16:00,523,500, ,J,STREET, , , ,22107,VC,TURNING MOVEMENTS AND REQUIRED SIGNALS,1,0,,32.709510200000004,-117.1600089
83,83,83,171241,2017-02-08 15:42:00,241,9800, ,CARROLL CANYON,ROAD, , , ,21703,VC,FOLLOWING TOO CLOSELY,1,0,,32.9043578,-117.1146682
84,84,84,181286,2017-02-08 16:20:00,311,3500, ,AERO,COURT, , , ,MISC-HAZ,VC,MISCELLANEOUS HAZARDOUS VIOLATIONS OF THE VEHICLE CODE,0,0,MISDEMEANOR,32.8071169,-117.1484945
85,85,85,171126,2017-02-08 16:29:00,326,5900, ,MONTEZUMA,ROAD, , , ,21951,VC,VEHICLES STOPPED FOR PEDESTRIANS,1,0,,32.7707783,-117.07042040000002
86,86,86,171141,2017-02-08 18:46:00,124,7300, ,VIA CAPRI, , , , ,22107,VC,TURNING MOVEMENTS AND REQUIRED SIGNALS,1,0,MISDEMEANOR,32.842208,-117.2523014
87,87,87,171355,2017-02-08 19:19:00,714,700,E,SAN YSIDRO,BOULEVARD, , , ,21801A,VC,LEFT TURN YIELD UNTIL SAFE OR U-TURN,1,0,,32.5452999,-117.030612
88,88,88,171429,2017-02-08 19:47:00,623,500, ,HOTEL,CIRCLE, , , ,22106,VC,STARTING PARKED VEHICLES OR BACKING,1,0,,32.7632722,-117.1679709
89,89,89,181235,2017-02-08 21:51:00,934,5300, ,GRAND DEL MAR,COURT, , , ,22106,VC,STARTING PARKED VEHICLES OR BACKING,0,0,,32.940043100000004,-117.1974599
90,90,90,171117,2017-02-08 22:04:00,526,500, ,ASH,STREET, , , ,21453A,VC,RED OR STOPVEHICLES STOP AT LIMIT LINE,1,0,,32.719898,-117.1601885
91,91,91,171131,2017-02-08 22:29:00,122,2800, ,GARNET,AVENUE, , , ,21453A,VC,RED OR STOPVEHICLES STOP AT LIMIT LINE,1,0,,32.8061675,-117.2189142
92,92,92,171273,2017-02-09 00:01:00,313,9400, ,CHESAPEAKE,DRIVE, , , ,MISC-HAZ,VC,MISCELLANEOUS HAZARDOUS VIOLATIONS OF THE VEHICLE CODE,0,0,MISDEMEANOR,32.8383413,-117.1254398
93,93,93,171199,2017-02-09 01:27:00,315,1600, ,CAM DEL RIO, , , , ,22107,VC,TURNING MOVEMENTS AND REQUIRED SIGNALS,0,0,,32.7671158,-117.1488738
94,94,94,171195,2017-02-09 02:00:00,233,12700, ,RANCHO PENASQUITOS,BOULEVARD, , , ,22106,VC,STARTING PARKED VEHICLES OR BACKING,0,0,,32.9499816,-117.1076749
95,95,95,171109,2017-02-09 02:15:00,811,3100, ,MONROE,AVENUE, , , ,22107,VC,TURNING MOVEMENTS AND REQUIRED SIGNALS,0,0,MISDEMEANOR,32.759162100000005,-117.1289653
96,96,96,171555,2017-02-09 02:51:00,627,4000, ,04TH,AVENUE, , , ,22107,VC,TURNING MOVEMENTS AND REQUIRED SIGNALS,0,0,,32.7548564,-117.16167659999998
97,97,97,171289,2017-02-09 05:25:00,626,3500, ,INDIA,STREET, , , ,22107,VC,TURNING MOVEMENTS AND REQUIRED SIGNALS,1,0,,32.738989000000004,-117.1774564
98,98,98,171497,2017-02-09 06:00:00,622,5900, ,LINDA VISTA,ROAD, , , ,MISC-HAZ,VC,MISCELLANEOUS HAZARDOUS VIOLATIONS OF THE VEHICLE CODE,0,0,MISDEMEANOR,32.770329600000004,-117.1883006
99,99,99,171240,2017-02-09 06:45:00,441,0,S,46TH,STREET, ,LOGAN,AVENUE,21954A,VC,PEDESTRIANS OUTSIDE CROSSWALKS,1,0,,32.7439765,-117.0957772
100,100,100,171257,2017-02-09 06:52:00,437,7300, ,PARADISE VALLEY,ROAD, , , ,21453A,VC,RED OR STOPVEHICLES STOP AT LIMIT LINE,2,0,,32.6917876,-117.0365544
101,101,101,171146,2017-02-09 07:05:00,931,10100, ,SORRENTO VALLEY,ROAD, , , ,22107,VC,TURNING MOVEMENTS AND REQUIRED SIGNALS,0,0,MISDEMEANOR,32.888239500000005,-117.2070558
102,102,102,171314,2017-02-09 07:39:00,813,2500, ,MYRTLE,AVENUE, , , ,22450,VC,STOP REQUIREMENTS,1,0,,32.7421273,-117.1378965
103,103,103,171610,2017-02-09 08:31:00,246,11600, ,SCRIPPS POWAY,PARKWAY, , , ,21453A,VC,RED OR STOPVEHICLES STOP AT LIMIT LINE,0,0,,32.9345653,-117.0729329
104,104,104,171151,2017-02-09 08:41:00,713,1800, ,LA MEDIA,ROAD, , , ,22350,VC,VIOLATION OF BASIC SPEED LAW SPEED UNSAFE FOR CONDITIONS,0,0,,32.5629171,-116.9624473
105,105,105,171356,2017-02-09 08:53:00,624,2200, ,MEADE,AVENUE, , , ,22350,VC,VIOLATION OF BASIC SPEED LAW SPEED UNSAFE FOR CONDITIONS,1,0,,32.7572625,-117.141306
106,106,106,171149,2017-02-09 09:05:00,611,4400, ,PACIFIC,HIGHWAY, , , ,21801A,VC,LEFT TURN YIELD UNTIL SAFE OR U-TURN,2,0,,32.7486372,-117.1969863
107,107,107,171194,2017-02-09 09:45:00,813,0, ,TEXAS,STREET, ,UNIVERSITY,AVENUE,22106,VC,STARTING PARKED VEHICLES OR BACKING,0,0,MISDEMEANOR,32.7540562,-117.1388397
108,108,108,171319,2017-02-09 12:50:00,527,900,W,GRAPE,STREET, , , ,MISC-HAZ,VC,MISCELLANEOUS HAZARDOUS VIOLATIONS OF THE VEHICLE CODE,0,0,MISDEMEANOR,32.7248621,-117.17077
109,109,109,171259,2017-02-09 13:40:00,512,0,S,31ST,STREET, ,OCEAN VIEW,BOULEVARD,21461A,VC,FAIL TO OBEY TRAFFIC CONTROL DEVICE,4,0,,32.7270466,-117.1274789
110,110,110,171421,2017-02-09 14:15:00,243,9300, ,MIRAMAR,ROAD, , , ,MISC-HAZ,VC,MISCELLANEOUS HAZARDOUS VIOLATIONS OF THE VEHICLE CODE,1,0,,32.893823,-117.1270269
111,111,111,171748,2017-02-09 14:41:00,446,200, ,EUCLID,AVENUE, , , ,22107,VC,TURNING MOVEMENTS AND REQUIRED SIGNALS,1,0,MISDEMEANOR,32.7059215,-117.0850749
112,112,112,171140,2017-02-09 15:11:00,115,10300, ,CAMPUS POINT,DRIVE, , , ,22107,VC,TURNING MOVEMENTS AND REQUIRED SIGNALS,0,0,MISDEMEANOR,32.8923245,-117.2229605
113,113,113,171203,2017-02-09 15:45:00,512,600, ,CESAR E CHAVEZ,PARKWAY, , , ,21950B,VC,PEDESTRIAN NOT TO SUDDENLY ENTER PATH ETC,2,0,,32.7039075,-117.1419437
114,114,114,171192,2017-02-09 16:06:00,521,700, ,16TH,STREET, , , ,21801A,VC,LEFT TURN YIELD UNTIL SAFE OR U-TURN,1,0,MISDEMEANOR,32.5837886,-117.0995043
115,115,115,171536,2017-02-09 16:11:00,242,8100, ,CALLE CRISTOBAL, , , , ,21801A,VC,LEFT TURN YIELD UNTIL SAFE OR U-TURN,2,0,,32.9291464,-117.1522389
116,116,116,171611,2017-02-09 16:13:00,624,4200, ,MISSISSIPPI,STREET, , , ,22450(A),VC,STOP REQUIREMENTS STATE STOP LINE,1,0,,32.7540483,-117.14129409999998
117,117,117,171150,2017-02-09 16:17:00,123,3500, ,SEAWORLD,DRIVE, , , ,22350,VC,VIOLATION OF BASIC SPEED LAW SPEED UNSAFE FOR CONDITIONS,2,0,,32.761237300000005,-117.218909
118,118,118,171204,2017-02-09 17:13:00,613,3400, ,MACAULAY,STREET, , , ,MISC-HAZ,VC,MISCELLANEOUS HAZARDOUS VIOLATIONS OF THE VEHICLE CODE,1,0,,32.7316061,-117.2292687
119,119,119,171512,2017-02-09 18:06:00,528,1900, ,INDIA,STREET, , , ,21703,VC,FOLLOWING TOO CLOSELY,0,0,MISDEMEANOR,32.7244229,-117.1685881
120,120,120,171228,2017-02-09 19:34:00,526,600, ,ASH,STREET, , , ,21950A,VC,YIELD RIGHT OF WAY TO PEDESTRIANS,1,0,MISDEMEANOR,32.7199041,-117.1592955
121,121,121,171222,2017-02-09 20:20:00,452,200, ,65TH,STREET, , , ,MISC-HAZ,VC,MISCELLANEOUS HAZARDOUS VIOLATIONS OF THE VEHICLE CODE,0,0,MISDEMEANOR,32.7150707,-117.0584912
122,122,122,171142,2017-02-09 20:30:00,121,3300, ,MISSION,BOULEVARD, , , ,22107,VC,TURNING MOVEMENTS AND REQUIRED SIGNALS,0,0,MISDEMEANOR,32.7743811,-117.2519051
123,123,123,171248,2017-02-09 22:16:00,613,3600, ,POE,STREET, , , ,22107,VC,TURNING MOVEMENTS AND REQUIRED SIGNALS,0,0,,32.7358682,-117.2295009
124,124,124,171449,2017-02-09 22:45:00,833,4700, ,LANDIS,STREET, , , ,22107,VC,TURNING MOVEMENTS AND REQUIRED SIGNALS,0,0,MISDEMEANOR,32.745876,-117.0931667
125,125,125,171191,2017-02-09 23:42:00,524,1000, ,05TH,AVENUE, , , ,20002(A),VC,HIT AND RUN,0,0,MISDEMEANOR,32.7418458,-117.16018970000002
126,126,126,171485,2017-02-10 00:01:00,114,4700, ,CLAIREMONT MESA,BOULEVARD, , , ,MISC-HAZ,VC,MISCELLANEOUS HAZARDOUS VIOLATIONS OF THE VEHICLE CODE,0,0,MISDEMEANOR,32.8347203,-117.1893341
127,127,127,171378,2017-02-10 02:15:00,821,4500, ,ALAMO,DRIVE, , , ,22107,VC,TURNING MOVEMENTS AND REQUIRED SIGNALS,0,0,MISDEMEANOR,32.7596739,-117.0546055
128,128,128,171216,2017-02-10 02:17:00,813,3700, ,28TH,STREET, , , ,22107,VC,TURNING MOVEMENTS AND REQUIRED SIGNALS,0,0,MISDEMEANOR,32.745769,-117.1336372
129,129,129,171220,2017-02-10 08:50:00,445,400, ,AURORA,STREET, , , ,22106,VC,STARTING PARKED VEHICLES OR BACKING,0,0,MISDEMEANOR,32.7092545,-117.0928703
130,130,130,171198,2017-02-10 10:22:00,312,5900, ,SANTO,ROAD, , , ,21802A,VC,ENTRANCE FROM STOP THROUGH HIGHWAYYIELD UNTIL REASONABLY SAFE,1,0,,32.8384869,-117.0985592
131,131,131,171351,2017-02-10 10:35:00,242,8200, ,MIRA MESA,BOULEVARD, , , ,MISC-HAZ,VC,MISCELLANEOUS HAZARDOUS VIOLATIONS OF THE VEHICLE CODE,0,0,,32.9127199,-117.14680590000002
132,132,132,171342,2017-02-10 11:17:00,712,500,E,SAN YSIDRO,BOULEVARD, , , ,22350,VC,VIOLATION OF BASIC SPEED LAW SPEED UNSAFE FOR CONDITIONS,2,0,,32.5494989,-117.036002
133,133,133,171197,2017-02-10 11:28:00,313,5000, ,MURPHY CANYON,ROAD, , , ,21801A,VC,LEFT TURN YIELD UNTIL SAFE OR U-TURN,1,0,,32.8291519,-117.120233
134,134,134,171304,2017-02-10 12:26:00,122,4800, ,BAYARD,STREET, , , ,22450(A),VC,STOP REQUIREMENTS STATE STOP LINE,1,0,,32.8016205,-117.2550899
135,135,135,171217,2017-02-10 13:00:00,813,3000, ,MADISON,AVENUE, , , ,22106,VC,STARTING PARKED VEHICLES OR BACKING,0,0,MISDEMEANOR,32.7610456,-117.1301838
136,136,136,171205,2017-02-10 14:15:00,627,300, ,UNIVERSITY,AVENUE, , , ,MISC-HAZ,VC,MISCELLANEOUS HAZARDOUS VIOLATIONS OF THE VEHICLE CODE,0,0,MISDEMEANOR,32.748250899999995,-117.1627537
137,137,137,171267,2017-02-10 15:55:00,122,1000, ,LORING,STREET, , , ,MISC-HAZ,VC,MISCELLANEOUS HAZARDOUS VIOLATIONS OF THE VEHICLE CODE,0,0,MISDEMEANOR,32.805774,-117.2544052
138,138,138,171430,2017-02-10 16:50:00,627,3600, ,01ST,AVENUE, , , ,22107,VC,TURNING MOVEMENTS AND REQUIRED SIGNALS,0,0,MISDEMEANOR,32.715738,-117.1610838
139,139,139,171250,2017-02-10 17:45:00,622,800, ,MORENA,BOULEVARD, , , ,22350,VC,VIOLATION OF BASIC SPEED LAW SPEED UNSAFE FOR CONDITIONS,1,0,,32.7640001,-117.1980332
140,140,140,171305,2017-02-10 18:24:00,122,4000, ,INGRAHAM,STREET, , , ,21801A,VC,LEFT TURN YIELD UNTIL SAFE OR U-TURN,1,0,,32.792368,-117.2386212
141,141,141,171200,2017-02-10 23:54:00,521,200, ,17TH,STREET, , , ,22350,VC,VIOLATION OF BASIC SPEED LAW SPEED UNSAFE FOR CONDITIONS,0,0,,32.707333,-117.1488176
142,142,142,171210,2017-02-11 00:01:00,614,4600, ,GREENE,STREET, , , ,22107,VC,TURNING MOVEMENTS AND REQUIRED SIGNALS,0,0,MISDEMEANOR,32.7487072,-117.238357
143,143,143,171274,2017-02-11 01:27:00,522,600, ,FRONT,STREET, , , ,22106,VC,STARTING PARKED VEHICLES OR BACKING,0,0,MISDEMEANOR,32.7118074,-117.1651229
144,144,144,171227,2017-02-11 01:30:00,524,700, ,08TH,AVENUE, , , ,22107,VC,TURNING MOVEMENTS AND REQUIRED SIGNALS,0,0,MISDEMEANOR,32.715738,-117.1610838
145,145,145,171295,2017-02-11 01:38:00,521,1600, ,F,STREET, , , ,22350,VC,VIOLATION OF BASIC SPEED LAW SPEED UNSAFE FOR CONDITIONS,2,0,,32.7136686,-117.1494757
146,146,146,171254,2017-02-11 02:00:00,826,4300, ,54TH,STREET, , , ,22107,VC,TURNING MOVEMENTS AND REQUIRED SIGNALS,0,0,,32.75488130000001,-117.0794553
147,147,147,171168,2017-02-11 02:11:00,313,7100, ,CLAIREMONT MESA,BOULEVARD, , , ,21703,VC,FOLLOWING TOO CLOSELY,0,0,MISDEMEANOR,32.8327214,-117.1638368
148,148,148,171196,2017-02-11 03:01:00,321,10100, ,FRIARS,ROAD, , , ,21453C,VC,RED ARROWDO NOT ENTER INTERSECTION,1,0,,32.790475,-117.1050483
149,149,149,171282,2017-02-11 03:44:00,115,5700, ,HONORS,DRIVE, , , ,22350,VC,VIOLATION OF BASIC SPEED LAW SPEED UNSAFE FOR CONDITIONS,0,0,MISDEMEANOR,32.8453989,-117.2231174
150,150,150,171232,2017-02-11 04:33:00,524,1000, ,B,STREET, , , ,21453A,VC,RED OR STOPVEHICLES STOP AT LIMIT LINE,0,0,,32.7178212,-117.1556322
151,151,151,171571,2017-02-11 04:39:00,725,1200, ,INNOVATIVE,DRIVE, , , ,22106,VC,STARTING PARKED VEHICLES OR BACKING,0,0,MISDEMEANOR,32.5742862,-117.0012267
152,152,152,171251,2017-02-11 05:52:00,722,2000, ,ILEX,AVENUE, , , ,22107,VC,TURNING MOVEMENTS AND REQUIRED SIGNALS,0,0,,32.5702408,-117.0908197
153,153,153,171479,2017-02-11 09:20:00,122,2200, ,BALBOA,AVENUE, , , ,22350,VC,VIOLATION OF BASIC SPEED LAW SPEED UNSAFE FOR CONDITIONS,0,0,,32.8014183,-117.2296274
154,154,154,171249,2017-02-11 10:46:00,612,2900, ,EVERGREEN,STREET, , , ,21800B,VC,UNCONTROLLED INTERSECTIONYIELD TO VEHICLE ON RIGHT,3,0,,32.7442935,-117.2155005
155,155,155,171221,2017-02-11 13:20:00,442,1300,S,43RD,STREET, , , ,21703,VC,FOLLOWING TOO CLOSELY,0,0,MISDEMEANOR,32.693193300000004,-117.1024527
156,156,156,171398,2017-02-11 13:45:00,233,9900, ,CARMEL MTN,ROAD, , , ,22107,VC,TURNING MOVEMENTS AND REQUIRED SIGNALS,0,0,,32.960481800000004,-117.1144244
157,157,157,171401,2017-02-11 15:20:00,725,700, ,DENNERY,ROAD, , , ,22107,VC,TURNING MOVEMENTS AND REQUIRED SIGNALS,1,0,,32.580833500000004,-117.033751
158,158,158,171244,2017-02-11 15:27:00,242,6900, ,MIRA MESA,BOULEVARD, , , ,MISC-HAZ,VC,MISCELLANEOUS HAZARDOUS VIOLATIONS OF THE VEHICLE CODE,1,0,,32.9076575,-117.17119879999998
159,159,159,171246,2017-02-11 15:45:00,111,7600, ,LINDA VISTA,ROAD, , , ,21703,VC,FOLLOWING TOO CLOSELY,2,0,,32.800933,-117.1581875
160,160,160,171206,2017-02-11 16:50:00,233,11200, ,CARMEL MTN,ROAD, , , ,22107,VC,TURNING MOVEMENTS AND REQUIRED SIGNALS,0,0,MISDEMEANOR,32.9790593,-117.088898
161,161,161,171242,2017-02-11 17:32:00,234,13600, ,BERNARDO CENTER,DRIVE, , , ,22106,VC,STARTING PARKED VEHICLES OR BACKING,2,0,,33.0036711,-117.0979614
162,162,162,171245,2017-02-11 19:11:00,235,16200, ,SAN PASQUAL VALLEY,ROAD, , , ,22107,VC,TURNING MOVEMENTS AND REQUIRED SIGNALS,3,0,,33.0858283,-116.9892293
163,163,163,171207,2017-02-11 20:10:00,234,15800, ,CAM DEL NORTE, , , , ,21703,VC,FOLLOWING TOO CLOSELY,0,0,MISDEMEANOR,33.0046055,-117.0920443
164,164,164,171214,2017-02-11 21:17:00,841,0, ,COLLEGE,AVENUE, ,UNIVERSITY,AVENUE,21703,VC,FOLLOWING TOO CLOSELY,0,0,MISDEMEANOR,32.765930600000004,-117.0669136
165,165,165,171201,2017-02-11 21:39:00,242,7000, ,SCHILLING,AVENUE, , , ,22107,VC,TURNING MOVEMENTS AND REQUIRED SIGNALS,1,0,,32.9100094,-117.1693895
166,166,166,171277,2017-02-11 22:00:00,621,6900, ,LINDA VISTA,ROAD, , , ,21750,VC,OVERTAKE AND PASS TO LEFT,0,0,MISDEMEANOR,32.7835407,-117.1717605
167,167,167,171225,2017-02-11 22:04:00,627,3900, ,01ST,AVENUE, , , ,MISC-HAZ,VC,MISCELLANEOUS HAZARDOUS VIOLATIONS OF THE VEHICLE CODE,0,0,MISDEMEANOR,32.715738,-117.1610838
168,168,168,172040,2017-02-12 00:01:00,624,4100, ,VERMONT,STREET, , , ,MISC-HAZ,VC,MISCELLANEOUS HAZARDOUS VIOLATIONS OF THE VEHICLE CODE,0,0,MISDEMEANOR,32.7522204,-117.1534565
169,169,169,171577,2017-02-12 00:01:00,122,4300, ,NOYES,STREET, , , ,MISC-HAZ,VC,MISCELLANEOUS HAZARDOUS VIOLATIONS OF THE VEHICLE CODE,0,0,MISDEMEANOR,32.798893,-117.230797
170,170,170,171312,2017-02-12 01:30:00,813,2300, ,29TH,STREET, , , ,22107,VC,TURNING MOVEMENTS AND REQUIRED SIGNALS,1,0,,32.7296731,-117.1319218
171,171,171,171309,2017-02-12 01:48:00,445,4900, ,MARKET,STREET, , , ,23109(A),VC,ENGAGE IN A MOTOR VEHICLE SPEED CONTEST,1,0,,32.7103927,-117.08925359999998
172,172,172,171320,2017-02-12 01:55:00,524,500, ,A,STREET, , , ,MISC-HAZ,VC,MISCELLANEOUS HAZARDOUS VIOLATIONS OF THE VEHICLE CODE,0,0,MISDEMEANOR,32.7188394,-117.16016940000002
173,173,173,171213,2017-02-12 02:00:00,834,3700, ,MARLBOROUGH,AVENUE, , , ,22107,VC,TURNING MOVEMENTS AND REQUIRED SIGNALS,0,0,MISDEMEANOR,32.7459429,-117.1057494
174,174,174,171294,2017-02-12 05:52:00,722,1600, ,SATURN,BOULEVARD, , , ,22107,VC,TURNING MOVEMENTS AND REQUIRED SIGNALS,1,0,,32.566371000000004,-117.0927771
175,175,175,171381,2017-02-12 06:15:00,511,3500, ,MAIN,STREET, , , ,22107,VC,TURNING MOVEMENTS AND REQUIRED SIGNALS,0,0,MISDEMEANOR,32.6877866,-117.1186962
176,176,176,171243,2017-02-12 06:30:00,936,14200, ,CARMEL VALLEY,ROAD, , , ,21453A,VC,RED OR STOPVEHICLES STOP AT LIMIT LINE,1,0,,32.976921399999995,-117.1453721
177,177,177,171230,2017-02-12 07:10:00,811,3300, ,MONROE,AVENUE, , , ,22107,VC,TURNING MOVEMENTS AND REQUIRED SIGNALS,0,0,MISDEMEANOR,32.7591427,-117.1232082
178,178,178,171308,2017-02-12 09:37:00,122,1600, ,GARNET,AVENUE, , , ,21453B,VC,AFTER STOPPING YIELD TO PEDESTRIANS,1,0,,32.7998425,-117.2407445
179,179,179,171459,2017-02-12 10:30:00,311,3600, ,MURPHY CANYON,ROAD, , , ,21651B,VC,DRIVE THE WRONG WAY ON A DIVIDED HIGHWAY,2,0,,32.807694,-117.116291
180,180,180,171238,2017-02-12 10:45:00,529,2100, ,BRANT,STREET, , , ,21802A,VC,ENTRANCE FROM STOP THROUGH HIGHWAYYIELD UNTIL REASONABLY SAFE,1,0,,32.7271935,-117.1666508
181,181,181,171307,2017-02-12 10:50:00,122,3700, ,CORONA ORIENTE,ROAD, , , ,MISC-HAZ,VC,MISCELLANEOUS HAZARDOUS VIOLATIONS OF THE VEHICLE CODE,1,0,,32.7890784,-117.2336748
182,182,182,171231,2017-02-12 12:00:00,811,4500, ,36TH,STREET, , , ,22107,VC,TURNING MOVEMENTS AND REQUIRED SIGNALS,0,0,MISDEMEANOR,32.7590259,-117.1152117
183,183,183,171292,2017-02-12 12:21:00,122,1500, ,GARNET,AVENUE, , , ,21950A,VC,YIELD RIGHT OF WAY TO PEDESTRIANS,1,0,,32.7996027,-117.24275790000002
184,184,184,171279,2017-02-12 13:30:00,937,0, ,ZASLAVSKY PLACE, , , , ,MISC-HAZ,VC,MISCELLANEOUS HAZARDOUS VIOLATIONS OF THE VEHICLE CODE,0,0,MISDEMEANOR,33.0191297,-117.1231567
185,185,185,171234,2017-02-12 14:12:00,712,100, ,COTTONWOOD,ROAD, , , ,MISC-HAZ,VC,MISCELLANEOUS HAZARDOUS VIOLATIONS OF THE VEHICLE CODE,0,0,,32.5537953,-117.0480025
186,186,186,171303,2017-02-12 17:00:00,242,9300, ,GALVIN,AVENUE, , , ,MISC-HAZ,VC,MISCELLANEOUS HAZARDOUS VIOLATIONS OF THE VEHICLE CODE,1,0,,32.9205708,-117.12500159999998
187,187,187,171652,2017-02-12 17:00:00,834,3800, ,FAIRMOUNT,AVENUE, , , ,MISC-HAZ,VC,MISCELLANEOUS HAZARDOUS VIOLATIONS OF THE VEHICLE CODE,0,0,MISDEMEANOR,32.747905100000004,-117.1009287
188,188,188,172048,2017-02-12 17:20:00,622,1300, ,MORENA,BOULEVARD, , , ,MISC-HAZ,VC,MISCELLANEOUS HAZARDOUS VIOLATIONS OF THE VEHICLE CODE,0,0,,32.7718928,-117.2023604
189,189,189,171283,2017-02-12 17:40:00,121,3100, ,MISSION,BOULEVARD, , , ,22107,VC,TURNING MOVEMENTS AND REQUIRED SIGNALS,0,0,MISDEMEANOR,32.7702375,-117.2510005
190,190,190,171454,2017-02-12 18:16:00,627,3800, ,05TH,AVENUE, , , ,22106,VC,STARTING PARKED VEHICLES OR BACKING,1,0,,32.747174,-117.160726
191,191,191,171226,2017-02-12 20:54:00,512,2900, ,COMMERCIAL,STREET, , , ,22107,VC,TURNING MOVEMENTS AND REQUIRED SIGNALS,0,0,MISDEMEANOR,32.7052951,-117.1320575
192,192,192,171224,2017-02-12 22:07:00,431,5600, ,BETHUNE,COURT, , , ,MISC-HAZ,VC,MISCELLANEOUS HAZARDOUS VIOLATIONS OF THE VEHICLE CODE,0,0,MISDEMEANOR,32.7212572,-117.0756743
193,193,193,171313,2017-02-12 23:55:00,452,400, ,65TH,STREET, , , ,MISC-HAZ,VC,MISCELLANEOUS HAZARDOUS VIOLATIONS OF THE VEHICLE CODE,0,0,,32.714356800000004,-117.0583993
194,194,194,171268,2017-02-13 00:01:00,124,7500, ,GIRARD,AVENUE, , , ,MISC-HAZ,VC,MISCELLANEOUS HAZARDOUS VIOLATIONS OF THE VEHICLE CODE,0,0,MISDEMEANOR,32.8405665,-117.2728514
195,195,195,172044,2017-02-13 00:01:00,611,3100, ,SPORTS ARENA,BOULEVARD, , , ,MISC-HAZ,VC,MISCELLANEOUS HAZARDOUS VIOLATIONS OF THE VEHICLE CODE,0,0,MISDEMEANOR,32.7519338,-117.2053239
196,196,196,171638,2017-02-13 00:30:00,528,1400, ,KETTNER,BOULEVARD, , , ,MISC-HAZ,VC,MISCELLANEOUS HAZARDOUS VIOLATIONS OF THE VEHICLE CODE,0,0,MISDEMEANOR,32.7199193,-117.1691895
197,197,197,171299,2017-02-13 00:30:00,321,5600, ,FAIRMOUNT,AVENUE, , , ,22107,VC,TURNING MOVEMENTS AND REQUIRED SIGNALS,0,0,,32.7780285,-117.1008091
198,198,198,171239,2017-02-13 01:28:00,115,4200, ,LA JOLLA VILLAGE,DRIVE, , , ,21955,VC,CROSSING BETWEEN CONTROLLED INTERSECTIONS,3,0,,32.8725464,-117.2159329
199,199,199,171554,2017-02-13 01:46:00,614,4900, ,NIMITZ,BOULEVARD, , , ,21453A,VC,RED OR STOPVEHICLES STOP AT LIMIT LINE,0,0,,32.7541086,-117.2373132
200,200,200,171389,2017-02-13 06:48:00,113,3500, ,JEMEZ,DRIVE, , , ,21650,VC,FAILURE TO DRIVE ON RIGHT SIDE OF ROADWAY,1,0,MISDEMEANOR,32.8272193,-117.2112557
201,201,201,172979,2017-02-13 07:15:00,824,4300, ,HIGHLAND,AVENUE, , , ,22106,VC,STARTING PARKED VEHICLES OR BACKING,0,0,MISDEMEANOR,32.7551168,-117.0992071
202,202,202,171291,2017-02-13 07:30:00,124,6500, ,SOLEDAD MTN,ROAD, , , ,22350,VC,VIOLATION OF BASIC SPEED LAW SPEED UNSAFE FOR CONDITIONS,2,0,,32.8344849,-117.2468402
203,203,203,171336,2017-02-13 07:40:00,936,14000, ,CARMEL VALLEY,ROAD, , , ,22107,VC,TURNING MOVEMENTS AND REQUIRED SIGNALS,1,0,,32.9708875,-117.1572823
204,204,204,171354,2017-02-13 08:05:00,826,5100, ,ORANGE,AVENUE, , , ,21804,VC,ENTERING HWY FROM PRIVATE ROAD OR DRIVEWAY,3,0,,32.7530449,-117.0847133
205,205,205,171275,2017-02-13 08:41:00,521,1700, ,B,STREET, , , ,20002(A),VC,HIT AND RUN,0,0,MISDEMEANOR,32.717842,-117.1484263
206,206,206,171335,2017-02-13 09:02:00,935,14400, ,SAN DIEGUITO,ROAD, , , ,22350,VC,VIOLATION OF BASIC SPEED LAW SPEED UNSAFE FOR CONDITIONS,1,0,,32.979153600000004,-117.206793
207,207,207,171298,2017-02-13 10:00:00,612,2900, ,ROSECRANS,STREET, , , ,21750,VC,OVERTAKE AND PASS TO LEFT,1,0,,32.743087,-117.2135539
208,208,208,171290,2017-02-13 10:07:00,126,10000, ,GENESEE,AVENUE, , , ,MISC-HAZ,VC,MISCELLANEOUS HAZARDOUS VIOLATIONS OF THE VEHICLE CODE,1,0,,32.88674080000001,-117.2259166
209,209,209,171276,2017-02-13 10:30:00,438,2200, ,RANCHO,DRIVE, , , ,20002(A),VC,HIT AND RUN,0,0,MISDEMEANOR,32.678688,-117.066147
210,210,210,171353,2017-02-13 10:55:00,712,200,W,SAN YSIDRO,BOULEVARD, , , ,22450(A),VC,STOP REQUIREMENTS STATE STOP LINE,1,0,,32.553788899999994,-117.0480025
211,211,211,171300,2017-02-13 11:07:00,813,3100, ,EL CAJON,BOULEVARD, , , ,21453A,VC,RED OR STOPVEHICLES STOP AT LIMIT LINE,2,0,,32.7554086,-117.127708
212,212,212,171293,2017-02-13 12:11:00,713,8400, ,OTAY MESA,ROAD, , , ,21703,VC,FOLLOWING TOO CLOSELY,1,0,,32.5678262,-116.96222140000002
213,213,213,171419,2017-02-13 12:55:00,931,6700, ,MIRA MESA,BOULEVARD, , , ,22350,VC,VIOLATION OF BASIC SPEED LAW SPEED UNSAFE FOR CONDITIONS,1,0,,32.90744160000001,-117.1745219
214,214,214,171473,2017-02-13 14:08:00,624,1500, ,WASHINGTON,STREET, , , ,21703,VC,FOLLOWING TOO CLOSELY,1,0,,32.7522229,-117.1493155
215,215,215,171327,2017-02-13 14:35:00,451,3200, ,54TH,STREET, , , ,22106,VC,STARTING PARKED VEHICLES OR BACKING,0,0,,32.7397099,-117.0799403
216,216,216,171302,2017-02-13 15:38:00,243,7000, ,MIRAMAR,ROAD, , , ,21453A,VC,RED OR STOPVEHICLES STOP AT LIMIT LINE,1,0,,32.8787935,-117.1649133
217,217,217,171284,2017-02-13 16:06:00,242,10800, ,BLACK MTN,ROAD, , , ,22350,VC,VIOLATION OF BASIC SPEED LAW SPEED UNSAFE FOR CONDITIONS,1,0,MISDEMEANOR,32.917241,-117.1248799
218,218,218,171296,2017-02-13 16:37:00,432,5400, ,OLVERA,AVENUE, , , ,21950A,VC,YIELD RIGHT OF WAY TO PEDESTRIANS,1,0,,32.698766600000006,-117.079733
219,219,219,171337,2017-02-13 16:58:00,935,2200, ,VIA DE LA VALLE, , , , ,22350,VC,VIOLATION OF BASIC SPEED LAW SPEED UNSAFE FOR CONDITIONS,1,0,,32.9794701,-117.2559259
220,220,220,172512,2017-02-13 22:00:00,451,2900, ,CHOLLAS,ROAD, , , ,MISC-HAZ,VC,MISCELLANEOUS HAZARDOUS VIOLATIONS OF THE VEHICLE CODE,0,0,MISDEMEANOR,32.7356212,-117.0870776
221,221,221,171330,2017-02-13 23:55:00,813,3200, ,UNIVERSITY,AVENUE, , , ,23152A,VC,DUI ALCOHOL,0,0,,32.748638,-117.1249733
222,222,222,171322,2017-02-14 00:01:00,315,2600, ,CAM DEL RIO, , , , ,MISC-HAZ,VC,MISCELLANEOUS HAZARDOUS VIOLATIONS OF THE VEHICLE CODE,0,0,MISDEMEANOR,32.7730614,-117.1361264
223,223,223,171297,2017-02-14 01:20:00,433,1200, ,BITTNER,STREET, , , ,21658A,VC,LANED ROADWAYS - STRADDLING OR UNSAFE CHANGING,1,0,,32.715738,-117.1610838
224,224,224,171329,2017-02-14 01:20:00,433,1200, ,BITTNER,STREET, , , ,21658A,VC,LANED ROADWAYS - STRADDLING OR UNSAFE CHANGING,1,0,,32.715738,-117.1610838
225,225,225,171332,2017-02-14 06:15:00,526,1400, ,04TH,AVENUE, , , ,21453A,VC,RED OR STOPVEHICLES STOP AT LIMIT LINE,2,0,,32.7548564,-117.16167659999998
226,226,226,172041,2017-02-14 08:15:00,111,0, ,BALTIC,STREET, ,LINDA VISTA,ROAD,MISC-HAZ,VC,MISCELLANEOUS HAZARDOUS VIOLATIONS OF THE VEHICLE CODE,0,0,,32.8057382,-117.1590844
227,227,227,171287,2017-02-14 10:20:00,233,13300, ,RANCHO PENASQUITOS,BOULEVARD, , , ,21453A,VC,RED OR STOPVEHICLES STOP AT LIMIT LINE,1,0,,32.958235800000004,-117.1133283
228,228,228,171270,2017-02-14 11:00:00,115,9600, ,CAMPUS POINT,DRIVE, , , ,MISC-HAZ,VC,MISCELLANEOUS HAZARDOUS VIOLATIONS OF THE VEHICLE CODE,0,0,MISDEMEANOR,32.8850891,-117.2214543
229,229,229,172052,2017-02-14 11:00:00,242,10700, ,WESTVIEW,PARKWAY, , , ,MISC-HAZ,VC,MISCELLANEOUS HAZARDOUS VIOLATIONS OF THE VEHICLE CODE,0,0,MISDEMEANOR,32.9150435,-117.1205904
230,230,230,171286,2017-02-14 12:24:00,234,11100, ,CAMINO DEL NORTE, , , , ,21453A,VC,RED OR STOPVEHICLES STOP AT LIMIT LINE,1,0,,32.9904489,-117.07127690000002
231,231,231,171457,2017-02-14 13:29:00,114,4000, ,CLAIREMONT MESA,BOULEVARD, , , ,MISC-HAZ,VC,MISCELLANEOUS HAZARDOUS VIOLATIONS OF THE VEHICLE CODE,1,0,,32.8286641,-117.2021894
232,232,232,172450,2017-02-14 13:34:00,835,4300, ,HOME,AVENUE, , , ,22106,VC,STARTING PARKED VEHICLES OR BACKING,1,0,,32.7260614,-117.1029693
233,233,233,172162,2017-02-14 13:34:00,835,4300, ,HOME,AVENUE, , , ,22106,VC,STARTING PARKED VEHICLES OR BACKING,1,0,,32.7260614,-117.1029693
234,234,234,171341,2017-02-14 13:35:00,713,900, ,HERITAGE,ROAD, , , ,MISC-HAZ,VC,MISCELLANEOUS HAZARDOUS VIOLATIONS OF THE VEHICLE CODE,1,0,,32.5789537,-116.9975564
235,235,235,171328,2017-02-14 14:48:00,437,6600, ,PARADISE VALLEY,ROAD, , , ,21802A,VC,ENTRANCE FROM STOP THROUGH HIGHWAYYIELD UNTIL REASONABLY SAFE,4,0,,32.68847150000001,-117.0535381
236,236,236,171333,2017-02-14 15:12:00,521,900, ,F,STREET, , , ,21950A,VC,YIELD RIGHT OF WAY TO PEDESTRIANS,1,0,,32.7140545,-117.1558408
237,237,237,171288,2017-02-14 15:27:00,234,16400, ,BERNARDO HEIGHTS,PARKWAY, , , ,21453C,VC,RED ARROWDO NOT ENTER INTERSECTION,1,0,,33.0150998,-117.0765253
238,238,238,171385,2017-02-14 17:00:00,813,3100, ,EL CAJON,BOULEVARD, , , ,MISC-HAZ,VC,MISCELLANEOUS HAZARDOUS VIOLATIONS OF THE VEHICLE CODE,0,0,,32.7554086,-117.127708
239,239,239,171326,2017-02-14 17:17:00,516,3400, ,MARKET,STREET, , , ,21703,VC,FOLLOWING TOO CLOSELY,1,0,MISDEMEANOR,32.711640100000004,-117.1182021
240,240,240,171362,2017-02-14 17:29:00,524,1100, ,01ST,AVENUE, , , ,MISC-HAZ,VC,MISCELLANEOUS HAZARDOUS VIOLATIONS OF THE VEHICLE CODE,0,0,,32.715738,-117.1610838
241,241,241,171331,2017-02-14 17:30:00,531,0, ,PARK,BOULEVARD, ,ZOO,PLACE,21453A,VC,RED OR STOPVEHICLES STOP AT LIMIT LINE,2,0,,32.73307,-117.1460828
242,242,242,171260,2017-02-14 18:00:00,122,4300, ,MISSION BAY,DRIVE, , , ,MISC-HAZ,VC,MISCELLANEOUS HAZARDOUS VIOLATIONS OF THE VEHICLE CODE,0,0,MISDEMEANOR,32.7997637,-117.212887
243,243,243,171266,2017-02-14 18:15:00,618,4300, ,ALGE CIRAS,STREET, , , ,22107,VC,TURNING MOVEMENTS AND REQUIRED SIGNALS,0,0,MISDEMEANOR,32.7212967,-117.2535142
244,244,244,171264,2017-02-14 18:40:00,243,9400, ,CABOT,DRIVE, , , ,22350,VC,VIOLATION OF BASIC SPEED LAW SPEED UNSAFE FOR CONDITIONS,0,0,MISDEMEANOR,32.892336900000004,-117.1447423
245,245,245,171346,2017-02-14 18:45:00,813,3400, ,30TH,STREET, , , ,22107,VC,TURNING MOVEMENTS AND REQUIRED SIGNALS,0,0,,32.741129,-117.1301346
246,246,246,171334,2017-02-14 18:48:00,712,2300, ,SMYTHE,AVENUE, , , ,22450(A),VC,STOP REQUIREMENTS STATE STOP LINE,1,0,,32.5564951,-117.0494303
247,247,247,171395,2017-02-14 20:30:00,112,4300, ,GENESEE,AVENUE, , , ,MISC-HAZ,VC,MISCELLANEOUS HAZARDOUS VIOLATIONS OF THE VEHICLE CODE,0,0,MISDEMEANOR,32.8213478,-117.1830275
248,248,248,172045,2017-02-14 21:00:00,622,1300, ,GOSHEN,STREET, , , ,MISC-HAZ,VC,MISCELLANEOUS HAZARDOUS VIOLATIONS OF THE VEHICLE CODE,0,0,MISDEMEANOR,32.7691359,-117.187834
249,249,249,171265,2017-02-14 23:00:00,242,8600, ,COVINA,CIRCLE, , , ,22107,VC,TURNING MOVEMENTS AND REQUIRED SIGNALS,0,0,MISDEMEANOR,32.904331400000004,-117.1369221
250,250,250,171318,2017-02-14 23:14:00,528,500,W,GRAPE,STREET, , , ,21703,VC,FOLLOWING TOO CLOSELY,0,0,MISDEMEANOR,32.726155,-117.16024070000002
251,251,251,171317,2017-02-14 23:20:00,452,400, ,63RD,STREET, , , ,MISC-HAZ,VC,MISCELLANEOUS HAZARDOUS VIOLATIONS OF THE VEHICLE CODE,0,0,MISDEMEANOR,32.7089863,-117.0623466
252,252,252,171269,2017-02-14 23:59:00,122,2200, ,GARNET,AVENUE, , , ,22107,VC,TURNING MOVEMENTS AND REQUIRED SIGNALS,0,0,MISDEMEANOR,32.8024058,-117.229851
253,253,253,171456,2017-02-15 03:35:00,528,2100, ,COLUMBIA,STREET, , , ,21456B,VC,PEDESTRIAN TRAFFIC 'WAIT' SIGN,1,0,,32.7266776,-117.1687926
254,254,254,171321,2017-02-15 05:20:00,512,1900, ,OCEAN VIEW,BOULEVARD, , , ,21802A,VC,ENTRANCE FROM STOP THROUGH HIGHWAYYIELD UNTIL REASONABLY SAFE,0,0,,32.7053468,-117.1402002
255,255,255,171358,2017-02-15 07:29:00,123,0, ,CLAIREMONT,DRIVE, ,EAST MISSION BAY,DRIVE,21802A,VC,ENTRANCE FROM STOP THROUGH HIGHWAYYIELD UNTIL REASONABLY SAFE,1,0,,32.8117985,-117.2009211
256,256,256,171427,2017-02-15 07:45:00,232,11600, ,CARMEL MTN,ROAD, , , ,21703,VC,FOLLOWING TOO CLOSELY,2,0,,32.9790615,-117.0819
257,257,257,171339,2017-02-15 08:00:00,931,5100, ,MIRAMAR,ROAD, , , ,22350,VC,VIOLATION OF BASIC SPEED LAW SPEED UNSAFE FOR CONDITIONS,4,0,,32.8759897,-117.1946165
258,258,258,171531,2017-02-15 08:02:00,521,1400, ,BROADWAY, , , , ,21801A,VC,LEFT TURN YIELD UNTIL SAFE OR U-TURN,1,0,,32.7159732,-117.151728
259,259,259,171461,2017-02-15 08:23:00,621,6500, ,LINDA VISTA,ROAD, , , ,22107,VC,TURNING MOVEMENTS AND REQUIRED SIGNALS,3,0,,32.7722037,-117.177525
260,260,260,171364,2017-02-15 10:02:00,234,12100, ,ROYAL LYTHAM RW,ROW, , , ,22106,VC,STARTING PARKED VEHICLES OR BACKING,0,0,,33.0007383,-117.07143290000002
261,261,261,171559,2017-02-15 11:29:00,541,100, ,13TH,STREET, , , ,MISC-HAZ,VC,MISCELLANEOUS HAZARDOUS VIOLATIONS OF THE VEHICLE CODE,1,0,,32.705238300000005,-117.1526706
262,262,262,171561,2017-02-15 11:50:00,242,10000, ,CAM RUIZ, , , , ,22107,VC,TURNING MOVEMENTS AND REQUIRED SIGNALS,2,0,,32.715738,-117.1610838
263,263,263,171424,2017-02-15 12:23:00,627,0, ,CENTRE,STREET, ,UNIVERSITY,AVENUE,21801A,VC,LEFT TURN YIELD UNTIL SAFE OR U-TURN,1,0,,32.74933060000001,-117.1479447
264,264,264,171467,2017-02-15 12:45:00,232,12100, ,WORLD TRADE,DRIVE, , , ,21453A,VC,RED OR STOPVEHICLES STOP AT LIMIT LINE,2,0,,32.9823307,-117.074048
265,265,265,171344,2017-02-15 12:45:00,324,8800, ,GROSSMONT COLLEGE, , , , ,22107,VC,TURNING MOVEMENTS AND REQUIRED SIGNALS,0,0,,32.81666939999999,-117.0066907
266,266,266,171575,2017-02-15 14:00:00,627,0, ,07TH,AVENUE, ,ROBINSON,AVENUE,22107,VC,TURNING MOVEMENTS AND REQUIRED SIGNALS,0,0,MISDEMEANOR,32.7123709,-117.1576329
267,267,267,171379,2017-02-15 14:30:00,822,5500, ,UNIVERSITY,AVENUE, , , ,22107,VC,TURNING MOVEMENTS AND REQUIRED SIGNALS,0,0,MISDEMEANOR,32.7482153,-117.077108
268,268,268,171426,2017-02-15 14:40:00,243,7900, ,DUNBROOK,ROAD, , , ,22107,VC,TURNING MOVEMENTS AND REQUIRED SIGNALS,0,0,,32.89297700000001,-117.1510629
269,269,269,172122,2017-02-15 15:21:00,529,2400, ,06TH,AVENUE, , , ,21453A,VC,RED OR STOPVEHICLES STOP AT LIMIT LINE,2,0,,32.715738,-117.1610838
270,270,270,171650,2017-02-15 15:30:00,627,3400, ,04TH,AVENUE, , , ,MISC-HAZ,VC,MISCELLANEOUS HAZARDOUS VIOLATIONS OF THE VEHICLE CODE,0,0,MISDEMEANOR,32.7409721,-117.1615388
271,271,271,172043,2017-02-15 15:30:00,314,7900, ,FROST,STREET, , , ,MISC-HAZ,VC,MISCELLANEOUS HAZARDOUS VIOLATIONS OF THE VEHICLE CODE,0,0,MISDEMEANOR,32.800267100000006,-117.1544795
272,272,272,171359,2017-02-15 17:49:00,126,10500, ,SCIENCE CENTER,DRIVE, , , ,22350,VC,VIOLATION OF BASIC SPEED LAW SPEED UNSAFE FOR CONDITIONS,0,0,,32.894803700000004,-117.2313581
273,273,273,171343,2017-02-15 17:55:00,445,0, ,45TH,STREET, ,MARKET,STREET,21950A,VC,YIELD RIGHT OF WAY TO PEDESTRIANS,1,0,,32.7458133,-117.0977063
274,274,274,171425,2017-02-15 17:55:00,243,9400, ,ACTIVITY,ROAD, , , ,22350,VC,VIOLATION OF BASIC SPEED LAW SPEED UNSAFE FOR CONDITIONS,1,0,,32.897501899999995,-117.1250965
275,275,275,171338,2017-02-15 18:30:00,934,12700, ,CARMEL CANYON,ROAD, , , ,21801A,VC,LEFT TURN YIELD UNTIL SAFE OR U-TURN,2,0,,32.9452981,-117.2171036
276,276,276,171357,2017-02-15 18:42:00,114,4800, ,CLAIREMONT,DRIVE, , , ,22106,VC,STARTING PARKED VEHICLES OR BACKING,1,0,,32.832047100000004,-117.205429
277,277,277,171408,2017-02-15 19:42:00,822,4500, ,COLLEGE,AVENUE, , , ,22107,VC,TURNING MOVEMENTS AND REQUIRED SIGNALS,1,0,,32.7586156,-117.0665478
278,278,278,171450,2017-02-15 19:45:00,311,3300, ,MURPHY CANYON,ROAD, , , ,MISC-HAZ,VC,MISCELLANEOUS HAZARDOUS VIOLATIONS OF THE VEHICLE CODE,0,0,MISDEMEANOR,32.80357730000001,-117.1137783
279,279,279,171350,2017-02-15 19:51:00,122,1700, ,GRAND,AVENUE, , , ,21802A,VC,ENTRANCE FROM STOP THROUGH HIGHWAYYIELD UNTIL REASONABLY SAFE,0,0,MISDEMEANOR,32.7983488,-117.2384212
280,280,280,171360,2017-02-15 22:33:00,311,1900, ,AINSLEY,ROAD, , , ,22107,VC,TURNING MOVEMENTS AND REQUIRED SIGNALS,0,0,,32.7801668,-117.1505773
281,281,281,171349,2017-02-16 00:01:00,124,7800, ,CALLE JUELA, , , , ,MISC-HAZ,VC,MISCELLANEOUS HAZARDOUS VIOLATIONS OF THE VEHICLE CODE,0,0,MISDEMEANOR,32.8494034,-117.2545482
282,282,282,172029,2017-02-16 06:06:00,242,9000, ,MIRA MESA,BOULEVARD, , , ,21453A,VC,RED OR STOPVEHICLES STOP AT LIMIT LINE,1,1,,32.9148297,-117.1317229
283,283,283,171347,2017-02-16 07:55:00,242,8900, ,MIRA MESA,BOULEVARD, , , ,MISC-HAZ,VC,MISCELLANEOUS HAZARDOUS VIOLATIONS OF THE VEHICLE CODE,0,0,MISDEMEANOR,32.913856800000005,-117.1329459
284,284,284,171397,2017-02-16 08:00:00,614,2900, ,SUNSET CLIFFS,BOULEVARD, , , ,22350,VC,VIOLATION OF BASIC SPEED LAW SPEED UNSAFE FOR CONDITIONS,0,0,MISDEMEANOR,32.7543192,-117.2368453
285,285,285,171374,2017-02-16 08:25:00,824,5300, ,EL CAJON,BOULEVARD, , , ,21658A,VC,LANED ROADWAYS - STRADDLING OR UNSAFE CHANGING,0,0,MISDEMEANOR,32.7577983,-117.0815842
286,286,286,171517,2017-02-16 09:13:00,529,1800, ,02ND,AVENUE, , , ,22106,VC,STARTING PARKED VEHICLES OR BACKING,0,0,MISDEMEANOR,32.715738,-117.1610838
287,287,287,171348,2017-02-16 09:30:00,115,4400, ,EXECUTIVE,DRIVE, , , ,MISC-HAZ,VC,MISCELLANEOUS HAZARDOUS VIOLATIONS OF THE VEHICLE CODE,0,0,MISDEMEANOR,32.8751033,-117.2115497
288,288,288,171391,2017-02-16 10:50:00,931,10500, ,HEATHER,COURT, , , ,MISC-HAZ,VC,MISCELLANEOUS HAZARDOUS VIOLATIONS OF THE VEHICLE CODE,0,0,MISDEMEANOR,33.0034807,-117.10601470000002
289,289,289,171702,2017-02-16 12:50:00,111,7200, ,MESA COLLEGE,CIRCLE, , , ,22350,VC,VIOLATION OF BASIC SPEED LAW SPEED UNSAFE FOR CONDITIONS,1,0,,32.8033535,-117.172356
290,290,290,171361,2017-02-16 13:34:00,321,6300, ,MISSION GORGE,ROAD, , , ,21802A,VC,ENTRANCE FROM STOP THROUGH HIGHWAYYIELD UNTIL REASONABLY SAFE,1,0,,32.7887616,-117.0977206
291,291,291,171519,2017-02-16 13:45:00,326,5200, ,MONTEZUMA,ROAD, , , ,MISC-HAZ,VC,MISCELLANEOUS HAZARDOUS VIOLATIONS OF THE VEHICLE CODE,0,0,MISDEMEANOR,32.7708628,-117.0844814
292,292,292,171422,2017-02-16 13:50:00,234,15800, ,BERNARDO HEIGHTS,PARKWAY, , , ,22107,VC,TURNING MOVEMENTS AND REQUIRED SIGNALS,1,0,,33.0002773,-117.0615672
293,293,293,171527,2017-02-16 14:00:00,627,500, ,WASHINGTON,STREET, , , ,22107,VC,TURNING MOVEMENTS AND REQUIRED SIGNALS,1,0,,32.7500004,-117.1604602
294,294,294,171471,2017-02-16 14:00:00,242,10600, ,BLACK MTN,ROAD, , , ,21801A,VC,LEFT TURN YIELD UNTIL SAFE OR U-TURN,1,0,,32.9121128,-117.1250557
295,295,295,171505,2017-02-16 14:19:00,122,2700, ,GARNET,AVENUE, , , ,22107,VC,TURNING MOVEMENTS AND REQUIRED SIGNALS,1,0,,32.8058978,-117.2215277
296,296,296,171352,2017-02-16 15:00:00,517,1200, ,23RD,STREET, , , ,MISC-HAZ,VC,MISCELLANEOUS HAZARDOUS VIOLATIONS OF THE VEHICLE CODE,0,0,MISDEMEANOR,32.7178985,-117.1431757
297,297,297,171405,2017-02-16 16:18:00,824,4800, ,EL CAJON,BOULEVARD, , , ,22107,VC,TURNING MOVEMENTS AND REQUIRED SIGNALS,1,0,,32.7561975,-117.0911422
298,298,298,171629,2017-02-16 16:45:00,313,4800, ,CONVOY,STREET, , , ,MISC-HAZ,VC,MISCELLANEOUS HAZARDOUS VIOLATIONS OF THE VEHICLE CODE,0,0,MISDEMEANOR,32.8290731,-117.1533104
299,299,299,171451,2017-02-16 16:45:00,112,5300, ,MT ALIFAN,DRIVE, , , ,MISC-HAZ,VC,MISCELLANEOUS HAZARDOUS VIOLATIONS OF THE VEHICLE CODE,0,0,MISDEMEANOR,32.8165572,-117.1828045
300,300,300,171404,2017-02-16 17:00:00,834,4300, ,LANDIS,STREET, , , ,21650.1,VC,BICYCLE DRIVING ON WRONG SIDE OF ROAD,1,0,,32.74590300000001,-117.1020713
301,301,301,171439,2017-02-16 17:50:00,124,900, ,PEARL,STREET, , , ,MISC-HAZ,VC,MISCELLANEOUS HAZARDOUS VIOLATIONS OF THE VEHICLE CODE,0,0,MISDEMEANOR,32.8403936,-117.2736656
302,302,302,171526,2017-02-16 18:00:00,723,3000, ,CORONADO,AVENUE, , , ,21703,VC,FOLLOWING TOO CLOSELY,1,0,,32.5769436,-117.0687071
303,303,303,171406,2017-02-16 18:48:00,811,4600, ,IOWA,STREET, , , ,22106,VC,STARTING PARKED VEHICLES OR BACKING,0,0,,32.761474,-117.1261166
304,304,304,171737,2017-02-16 18:50:00,826,4300, ,52ND,STREET, , , ,22106,VC,STARTING PARKED VEHICLES OR BACKING,0,0,,32.7549153,-117.0836585
305,305,305,171399,2017-02-16 19:15:00,437,1400,S,WOODMAN,STREET, , , ,22350,VC,VIOLATION OF BASIC SPEED LAW SPEED UNSAFE FOR CONDITIONS,1,0,,32.7073229,-117.0548706
306,306,306,171411,2017-02-16 20:36:00,111,5500, ,BALBOA,AVENUE, , , ,22106,VC,STARTING PARKED VEHICLES OR BACKING,1,0,,32.8194392,-117.1785858
307,307,307,171428,2017-02-16 21:13:00,625,2200, ,SAN DIEGO,AVENUE, , , ,22106,VC,STARTING PARKED VEHICLES OR BACKING,0,0,,32.7475793,-117.1910709
308,308,308,171396,2017-02-16 21:29:00,243,7600, ,TRADE,STREET, , , ,22350,VC,VIOLATION OF BASIC SPEED LAW SPEED UNSAFE FOR CONDITIONS,0,0,MISDEMEANOR,32.8891439,-117.1575525
309,309,309,172312,2017-02-16 21:30:00,112,3300, ,MT ACADIA,BOULEVARD, , , ,23152A,VC,DUI ALCOHOL,0,0,,32.8015534,-117.185059
310,310,310,171417,2017-02-16 21:46:00,121,2600, ,STRANDWAY, , , , ,22106,VC,STARTING PARKED VEHICLES OR BACKING,0,0,,32.760092699999994,-117.2494464
311,311,311,171373,2017-02-16 22:22:00,826,4300, ,54TH,STREET, , , ,22350,VC,VIOLATION OF BASIC SPEED LAW SPEED UNSAFE FOR CONDITIONS,0,0,MISDEMEANOR,32.75488130000001,-117.0794553
312,312,312,171423,2017-02-16 22:37:00,242,9000, ,MIRA MESA,BOULEVARD, , , ,21453C,VC,RED ARROWDO NOT ENTER INTERSECTION,3,0,,32.9148297,-117.1317229
313,313,313,171403,2017-02-17 00:25:00,813,3000, ,EL CAJON,BOULEVARD, , , ,22107,VC,TURNING MOVEMENTS AND REQUIRED SIGNALS,1,0,,32.7554061,-117.1301928
314,314,314,171278,2017-02-17 01:00:00,835,4200, ,SYCAMORE,DRIVE, , , ,22107,VC,TURNING MOVEMENTS AND REQUIRED SIGNALS,0,0,MISDEMEANOR,32.7344401,-117.1027136
315,315,315,171452,2017-02-17 01:35:00,834,3400, ,FAIRMOUNT,AVENUE, , , ,22107,VC,TURNING MOVEMENTS AND REQUIRED SIGNALS,0,0,MISDEMEANOR,32.7414557,-117.1012398
316,316,316,171469,2017-02-17 06:44:00,235,17900, ,SAN PASQUAL VALLEY,ROAD, , , ,22359,VC,BOUNDARY LINE STREETS,1,0,,33.0906104,-116.9444485
317,317,317,171458,2017-02-17 07:34:00,834,3700, ,MARLBOROUGH,AVENUE, , , ,22515A,VC,LEAVE VEHICLE UNATTENDED,0,0,,32.7459429,-117.1057494
318,318,318,171443,2017-02-17 09:50:00,232,11500, ,CARMEL MTN,ROAD, , , ,MISC-HAZ,VC,MISCELLANEOUS HAZARDOUS VIOLATIONS OF THE VEHICLE CODE,0,0,MISDEMEANOR,32.9791096,-117.0835457
319,319,319,171637,2017-02-17 10:00:00,623,2400, ,HOTEL,CIRCLE, , , ,MISC-HAZ,VC,MISCELLANEOUS HAZARDOUS VIOLATIONS OF THE VEHICLE CODE,0,0,MISDEMEANOR,32.759241700000004,-117.1793148
320,320,320,171387,2017-02-17 11:14:00,122,0, ,GARNET,AVENUE, ,PICO,STREET,21703,VC,FOLLOWING TOO CLOSELY,0,0,MISDEMEANOR,32.8011136,-117.2348311
321,321,321,171792,2017-02-17 11:47:00,528,300,W,ASH,STREET, , , ,22107,VC,TURNING MOVEMENTS AND REQUIRED SIGNALS,1,0,,32.7198929,-117.1620044
322,322,322,171415,2017-02-17 11:53:00,116,3800, ,CLAIREMONT,DRIVE, , , ,2818,VC,DRIVING THROUGH FLARE PATTERN,0,0,,32.8093866,-117.2012488
323,323,323,171464,2017-02-17 12:43:00,313,3800, ,KEARNY MESA,ROAD, , , ,22106,VC,STARTING PARKED VEHICLES OR BACKING,0,0,,32.82461660000001,-117.1459525
324,324,324,171392,2017-02-17 14:45:00,124,5900, ,LA JOLLA MESA,DRIVE, , , ,22107,VC,TURNING MOVEMENTS AND REQUIRED SIGNALS,0,0,MISDEMEANOR,32.8214155,-117.2582847
325,325,325,171465,2017-02-17 15:10:00,311,3600, ,MURPHY CANYON,ROAD, , , ,21801A,VC,LEFT TURN YIELD UNTIL SAFE OR U-TURN,1,0,,32.807694,-117.116291
326,326,326,171488,2017-02-17 15:45:00,614,2500, ,SUNSET CLIFFS,BOULEVARD, , , ,MISC-HAZ,VC,MISCELLANEOUS HAZARDOUS VIOLATIONS OF THE VEHICLE CODE,0,0,MISDEMEANOR,32.7531521,-117.23950359999998
327,327,327,171431,2017-02-17 16:00:00,615,1400, ,LOCUST,STREET, , , ,22107,VC,TURNING MOVEMENTS AND REQUIRED SIGNALS,0,0,MISDEMEANOR,32.7256021,-117.2298868
328,328,328,171453,2017-02-17 16:00:00,526,1500, ,05TH,AVENUE, , , ,22107,VC,TURNING MOVEMENTS AND REQUIRED SIGNALS,0,0,MISDEMEANOR,32.715738,-117.1610838
329,329,329,174844,2017-02-17 16:30:00,721,1900, ,PALM,AVENUE, , , ,MISC-HAZ,VC,MISCELLANEOUS HAZARDOUS VIOLATIONS OF THE VEHICLE CODE,0,0,MISDEMEANOR,32.5839055,-117.0912115
330,330,330,171441,2017-02-17 16:41:00,327,6400, ,ALVARADO,ROAD, , , ,22106,VC,STARTING PARKED VEHICLES OR BACKING,0,0,MISDEMEANOR,32.7783874,-117.06148020000002
331,331,331,171567,2017-02-17 17:26:00,447,4800, ,FEDERAL,BOULEVARD, , , ,22107,VC,TURNING MOVEMENTS AND REQUIRED SIGNALS,0,0,MISDEMEANOR,32.7214825,-117.0919668
332,332,332,171390,2017-02-17 18:00:00,723,1200, ,30TH,STREET, , , ,MISC-HAZ,VC,MISCELLANEOUS HAZARDOUS VIOLATIONS OF THE VEHICLE CODE,0,0,MISDEMEANOR,32.718238,-117.1298093
333,333,333,171447,2017-02-17 18:15:00,232,11300, ,CARMEL MTN,ROAD, , , ,22107,VC,TURNING MOVEMENTS AND REQUIRED SIGNALS,0,0,MISDEMEANOR,32.9789085,-117.0853114
334,334,334,171547,2017-02-17 19:00:00,723,0, ,DEL SOL,BOULEVARD, ,KOSTNER,DRIVE,MISC-HAZ,VC,MISCELLANEOUS HAZARDOUS VIOLATIONS OF THE VEHICLE CODE,0,0,MISDEMEANOR,32.5735711,-117.0509606
335,335,335,171444,2017-02-17 19:10:00,242,9300, ,MIRA MESA,BOULEVARD, , , ,21453C,VC,RED ARROWDO NOT ENTER INTERSECTION,0,0,MISDEMEANOR,32.9172417,-117.1247601
336,336,336,171557,2017-02-17 19:37:00,511,1100, ,NEWTON,AVENUE, , , ,MISC-HAZ,VC,MISCELLANEOUS HAZARDOUS VIOLATIONS OF THE VEHICLE CODE,0,0,,32.7043525,-117.1523361
337,337,337,171725,2017-02-17 19:49:00,524,1000, ,KETTNER,BOULEVARD, , , ,MISC-HAZ,VC,MISCELLANEOUS HAZARDOUS VIOLATIONS OF THE VEHICLE CODE,0,0,MISDEMEANOR,32.7157873,-117.1692095
338,338,338,171414,2017-02-17 20:52:00,122,1600, ,DIAMOND,STREET, , , ,21950A,VC,YIELD RIGHT OF WAY TO PEDESTRIANS,1,0,,32.8025713,-117.2417111
339,339,339,171448,2017-02-17 21:08:00,624,4500, ,TEXAS,STREET, , , ,22107,VC,TURNING MOVEMENTS AND REQUIRED SIGNALS,0,0,MISDEMEANOR,32.7592398,-117.13889170000002
340,340,340,171435,2017-02-17 21:30:00,611,2600, ,MENDONCA,DRIVE, , , ,MISC-HAZ,VC,MISCELLANEOUS HAZARDOUS VIOLATIONS OF THE VEHICLE CODE,0,0,MISDEMEANOR,32.7433962,-117.2067095
341,341,341,171472,2017-02-17 22:02:00,233,9900, ,AZUAGA,STREET, , , ,22107,VC,TURNING MOVEMENTS AND REQUIRED SIGNALS,1,0,,32.958063300000006,-117.1124397
342,342,342,171370,2017-02-17 22:10:00,723,1500, ,MONTEREY PINE,DRIVE, , , ,22350,VC,VIOLATION OF BASIC SPEED LAW SPEED UNSAFE FOR CONDITIONS,0,0,MISDEMEANOR,32.5690927,-117.0721912
343,343,343,171494,2017-02-17 22:45:00,313,4200, ,KEARNY MESA,ROAD, , , ,22107,VC,TURNING MOVEMENTS AND REQUIRED SIGNALS,1,0,MISDEMEANOR,32.8189235,-117.1499655
344,344,344,171407,2017-02-17 23:20:00,825,4800, ,FAIRMOUNT,AVENUE, , , ,22350,VC,VIOLATION OF BASIC SPEED LAW SPEED UNSAFE FOR CONDITIONS,1,0,,32.7647008,-117.0969862
345,345,345,171576,2017-02-17 23:30:00,438,2700, ,BEATRICE,STREET, , , ,22107,VC,TURNING MOVEMENTS AND REQUIRED SIGNALS,0,0,MISDEMEANOR,32.6736637,-117.0510655
346,346,346,171438,2017-02-17 23:37:00,242,9300, ,GALVIN,AVENUE, , , ,21651B,VC,DRIVE THE WRONG WAY ON A DIVIDED HIGHWAY,0,0,MISDEMEANOR,32.9205708,-117.12500159999998
347,347,347,171549,2017-02-17 23:47:00,523,400, ,ISLAND,AVENUE, , , ,21950A,VC,YIELD RIGHT OF WAY TO PEDESTRIANS,1,0,,32.71047539999999,-117.1610291
348,348,348,171372,2017-02-18 01:00:00,813,3400, ,MYRTLE,AVENUE, , , ,22107,VC,TURNING MOVEMENTS AND REQUIRED SIGNALS,0,0,MISDEMEANOR,32.7421252,-117.1438756
349,349,349,171541,2017-02-18 01:20:00,521,1100, ,MARKET,STREET, , , ,MISC-HAZ,VC,MISCELLANEOUS HAZARDOUS VIOLATIONS OF THE VEHICLE CODE,0,0,MISDEMEANOR,32.7116675,-117.1544934
350,350,350,171460,2017-02-18 01:50:00,531,2100, ,PERSHING,DRIVE, , , ,22350,VC,VIOLATION OF BASIC SPEED LAW SPEED UNSAFE FOR CONDITIONS,1,0,,32.72767350000001,-117.1418871
351,351,351,171380,2017-02-18 03:00:00,512,1900, ,KEARNY,AVENUE, , , ,22107,VC,TURNING MOVEMENTS AND REQUIRED SIGNALS,0,0,MISDEMEANOR,32.702348,-117.1431829
352,352,352,171402,2017-02-18 03:23:00,723,1300, ,PETERLYNN,DRIVE, , , ,22107,VC,TURNING MOVEMENTS AND REQUIRED SIGNALS,0,0,,32.5730519,-117.0463832
353,353,353,171375,2017-02-18 04:00:00,813,3400, ,THORN,STREET, , , ,22107,VC,TURNING MOVEMENTS AND REQUIRED SIGNALS,0,0,MISDEMEANOR,32.7398527,-117.12020359999998
354,354,354,171413,2017-02-18 06:27:00,123,2400, ,INGRAHAM,STREET, , , ,22350,VC,VIOLATION OF BASIC SPEED LAW SPEED UNSAFE FOR CONDITIONS,1,0,,32.7634644,-117.2322368
355,355,355,171468,2017-02-18 07:20:00,233,11100, ,DEL DIABLO,STREET, , , ,22107,VC,TURNING MOVEMENTS AND REQUIRED SIGNALS,0,0,,32.9839961,-117.0910361
356,356,356,171510,2017-02-18 07:56:00,123,0, ,INGRAHAM, , ,SUNSET CLIFFS, ,22350,VC,VIOLATION OF BASIC SPEED LAW SPEED UNSAFE FOR CONDITIONS,0,0,MISDEMEANOR,32.7842107,-117.2363331
357,357,357,171463,2017-02-18 08:29:00,623,7000, ,FRIARS,ROAD, , , ,MISC-HAZ,VC,MISCELLANEOUS HAZARDOUS VIOLATIONS OF THE VEHICLE CODE,1,0,,32.7693892,-117.1701881
358,358,358,171369,2017-02-18 09:00:00,712,4200, ,CAM DE LA,PLAZA, , , ,MISC-HAZ,VC,MISCELLANEOUS HAZARDOUS VIOLATIONS OF THE VEHICLE CODE,0,0,MISDEMEANOR,32.5452915,-117.044865
359,359,359,173579,2017-02-18 09:15:00,446,300, ,EUCLID,AVENUE, , , ,MISC-HAZ,VC,MISCELLANEOUS HAZARDOUS VIOLATIONS OF THE VEHICLE CODE,0,0,MISDEMEANOR,32.7077266,-117.08501409999998
360,360,360,171487,2017-02-18 11:00:00,623,7000, ,FRIARS,ROAD, , , ,MISC-HAZ,VC,MISCELLANEOUS HAZARDOUS VIOLATIONS OF THE VEHICLE CODE,0,0,MISDEMEANOR,32.7693892,-117.1701881
361,361,361,171386,2017-02-18 11:55:00,114,4200, ,CONRAD,AVENUE, , , ,22106,VC,STARTING PARKED VEHICLES OR BACKING,0,0,MISDEMEANOR,32.8353601,-117.2013686
362,362,362,171410,2017-02-18 12:26:00,526,0,W,BEECH,STREET, ,FRONT,STREET,22100B,VC,LEFT TURNS AT INTERSECTIONS,2,0,,32.7209153,-117.1596207
363,363,363,171412,2017-02-18 12:50:00,122,2100, ,GARNET,AVENUE, , , ,23123.5(A),VC,TEXT MESSAGING WHILE DRIVING,1,0,,32.8017988,-117.2316686
364,364,364,171521,2017-02-18 13:10:00,838,3800, ,UNIVERSITY,AVENUE, , , ,MISC-HAZ,VC,MISCELLANEOUS HAZARDOUS VIOLATIONS OF THE VEHICLE CODE,0,0,MISDEMEANOR,32.7497041,-117.1118823
365,365,365,171514,2017-02-18 13:30:00,315,900, ,CAM DEL RIO, , , , ,MISC-HAZ,VC,MISCELLANEOUS HAZARDOUS VIOLATIONS OF THE VEHICLE CODE,0,0,MISDEMEANOR,32.7659791,-117.1562976
366,366,366,171516,2017-02-18 14:17:00,232,12100, ,CARMEL MTN,ROAD, , , ,22107,VC,TURNING MOVEMENTS AND REQUIRED SIGNALS,0,0,MISDEMEANOR,32.9845516,-117.0760356
367,367,367,171366,2017-02-18 14:34:00,436,500, ,68TH,STREET, , , ,22107,VC,TURNING MOVEMENTS AND REQUIRED SIGNALS,0,0,MISDEMEANOR,32.710100800000006,-117.0509572
368,368,368,171474,2017-02-18 16:30:00,613,4500, ,NIMITZ,BOULEVARD, , , ,22350,VC,VIOLATION OF BASIC SPEED LAW SPEED UNSAFE FOR CONDITIONS,1,0,,32.7467982,-117.2340757
369,369,369,171475,2017-02-18 17:55:00,611,3600, ,ROSECRANS,STREET, , , ,22107,VC,TURNING MOVEMENTS AND REQUIRED SIGNALS,1,0,,32.7510321,-117.2056928
370,370,370,171585,2017-02-18 17:55:00,822,5900, ,UNIVERSITY,AVENUE, , , ,22107,VC,TURNING MOVEMENTS AND REQUIRED SIGNALS,0,0,MISDEMEANOR,32.7505914,-117.0703326
371,371,371,171445,2017-02-18 18:00:00,242,8400, ,CAPRICORN,WAY, , , ,22107,VC,TURNING MOVEMENTS AND REQUIRED SIGNALS,0,0,MISDEMEANOR,32.9252506,-117.14256709999998
372,372,372,171499,2017-02-18 18:02:00,437,600,S,SIENA,STREET, , , ,22107,VC,TURNING MOVEMENTS AND REQUIRED SIGNALS,1,0,,32.6988033,-117.04376
373,373,373,171383,2017-02-18 19:02:00,524,600, ,B,STREET, , , ,22106,VC,STARTING PARKED VEHICLES OR BACKING,0,0,MISDEMEANOR,32.718146999999995,-117.1585979
374,374,374,171416,2017-02-18 19:34:00,122,2500, ,GARNET,AVENUE, , , ,22350,VC,VIOLATION OF BASIC SPEED LAW SPEED UNSAFE FOR CONDITIONS,1,0,,32.804620799999995,-117.2248822
375,375,375,171371,2017-02-18 22:30:00,811,4600, ,EAST MTN VIEW,DRIVE, , , ,22106,VC,STARTING PARKED VEHICLES OR BACKING,0,0,MISDEMEANOR,32.7615321,-117.1143745
376,376,376,171462,2017-02-18 23:14:00,628,3400, ,KETTNER,BOULEVARD, , , ,22107,VC,TURNING MOVEMENTS AND REQUIRED SIGNALS,1,0,,32.737880600000004,-117.1780083
377,377,377,171393,2017-02-19 00:01:00,934,12900, ,EL CAMINO REAL, , , , ,MISC-HAZ,VC,MISCELLANEOUS HAZARDOUS VIOLATIONS OF THE VEHICLE CODE,0,0,MISDEMEANOR,32.951088899999995,-117.2350041
378,378,378,171484,2017-02-19 00:01:00,124,8600, ,VILLA LA JOLLA,DRIVE, , , ,MISC-HAZ,VC,MISCELLANEOUS HAZARDOUS VIOLATIONS OF THE VEHICLE CODE,0,0,MISDEMEANOR,32.8648151,-117.2351865
379,379,379,171394,2017-02-19 00:01:00,934,12600, ,EL CAMINO REAL, , , , ,MISC-HAZ,VC,MISCELLANEOUS HAZARDOUS VIOLATIONS OF THE VEHICLE CODE,0,0,,32.9476554,-117.2375967
380,380,380,171885,2017-02-19 00:01:00,623,7000, ,FRIARS,ROAD, , , ,MISC-HAZ,VC,MISCELLANEOUS HAZARDOUS VIOLATIONS OF THE VEHICLE CODE,0,0,MISDEMEANOR,32.7693892,-117.1701881
381,381,381,171544,2017-02-19 00:42:00,432,5400, ,OLVERA,AVENUE, , , ,22106,VC,STARTING PARKED VEHICLES OR BACKING,0,0,MISDEMEANOR,32.698766600000006,-117.079733
382,382,382,171478,2017-02-19 00:45:00,313,7700, ,BALBOA,AVENUE, , , ,22107,VC,TURNING MOVEMENTS AND REQUIRED SIGNALS,0,0,,32.8218241,-117.1586937
383,383,383,171382,2017-02-19 02:48:00,523,700, ,04TH,AVENUE, , , ,22107,VC,TURNING MOVEMENTS AND REQUIRED SIGNALS,0,0,,32.715738,-117.1610838
384,384,384,171368,2017-02-19 02:50:00,714,700,E,SAN YSIDRO,BOULEVARD, , , ,22106,VC,STARTING PARKED VEHICLES OR BACKING,0,0,MISDEMEANOR,32.5452999,-117.030612
385,385,385,171442,2017-02-19 03:00:00,326,5500, ,BAJA,DRIVE, , , ,MISC-HAZ,VC,MISCELLANEOUS HAZARDOUS VIOLATIONS OF THE VEHICLE CODE,0,0,MISDEMEANOR,32.767928999999995,-117.0769017
386,386,386,171433,2017-02-19 07:13:00,613,4500, ,VOLTAIRE,STREET, , , ,22107,VC,TURNING MOVEMENTS AND REQUIRED SIGNALS,0,0,MISDEMEANOR,32.7464601,-117.23774
387,387,387,172229,2017-02-19 08:37:00,615,3100, ,KEATS,STREET, , , ,22350,VC,VIOLATION OF BASIC SPEED LAW SPEED UNSAFE FOR CONDITIONS,1,0,MISDEMEANOR,32.728627100000004,-117.2273756
388,388,388,171671,2017-02-19 08:40:00,525,700, ,04TH,AVENUE, , , ,21461A,VC,FAIL TO OBEY TRAFFIC CONTROL DEVICE,2,0,,32.715738,-117.1610838
389,389,389,172281,2017-02-19 09:25:00,621,2700, ,NYE,STREET, , , ,MISC-HAZ,VC,MISCELLANEOUS HAZARDOUS VIOLATIONS OF THE VEHICLE CODE,0,0,MISDEMEANOR,32.7921837,-117.176341
390,390,390,172033,2017-02-19 09:49:00,444,3600, ,HOME,AVENUE, , , ,22450(A),VC,STOP REQUIREMENTS STATE STOP LINE,1,0,,32.7176338,-117.11055729999998
391,391,391,171400,2017-02-19 10:21:00,723,0, ,PALM,AVENUE, ,PICCARD AV , ,21453A,VC,RED OR STOPVEHICLES STOP AT LIMIT LINE,2,0,,32.583899,-117.08289209999998
392,392,392,171564,2017-02-19 10:25:00,934,10700, ,CALLE MAR DE MARIPOS, , , , ,21453C,VC,RED ARROWDO NOT ENTER INTERSECTION,1,0,,32.913436,-117.2279683
393,393,393,171542,2017-02-19 12:15:00,246,10100, ,SCRIPPS POWAY,PARKWAY, , , ,MISC-HAZ,VC,MISCELLANEOUS HAZARDOUS VIOLATIONS OF THE VEHICLE CODE,0,0,MISDEMEANOR,32.936475800000004,-117.110556
394,394,394,171455,2017-02-19 16:00:00,623,1100, ,FASHION VALLEY,ROAD, , , ,21804,VC,ENTERING HWY FROM PRIVATE ROAD OR DRIVEWAY,3,0,,32.767397100000004,-117.17118
395,395,395,171367,2017-02-19 16:30:00,723,800, ,TWINING,AVENUE, , , ,22107,VC,TURNING MOVEMENTS AND REQUIRED SIGNALS,0,0,MISDEMEANOR,32.5818566,-117.0454691
396,396,396,171470,2017-02-19 19:29:00,242,9700, ,MIRA MESA,BOULEVARD, , , ,21453B,VC,AFTER STOPPING YIELD TO PEDESTRIANS,1,0,,32.917325500000004,-117.1180269
397,397,397,173118,2017-02-19 19:30:00,515,2500, ,IMPERIAL,AVENUE, , , ,MISC-HAZ,VC,MISCELLANEOUS HAZARDOUS VIOLATIONS OF THE VEHICLE CODE,0,0,MISDEMEANOR,32.7063407,-117.1402135
398,398,398,171466,2017-02-19 19:56:00,313,9400, ,BALBOA,AVENUE, , , ,2803(A),VC,VIOLATION OF LOAD REGULATIONS,0,0,,32.8223973,-117.1274556
399,399,399,172327,2017-02-19 22:00:00,242,10700, ,WESTVIEW,PARKWAY, , , ,MISC-HAZ,VC,MISCELLANEOUS HAZARDOUS VIOLATIONS OF THE VEHICLE CODE,0,0,MISDEMEANOR,32.9150435,-117.1205904
400,400,400,171377,2017-02-19 22:49:00,813,4000, ,32ND,STREET, , , ,21651B,VC,DRIVE THE WRONG WAY ON A DIVIDED HIGHWAY,1,0,MISDEMEANOR,32.75038,-117.1252491
401,401,401,171446,2017-02-19 23:00:00,242,10700, ,WESTVIEW,PARKWAY, , , ,22106,VC,STARTING PARKED VEHICLES OR BACKING,0,0,MISDEMEANOR,32.9150435,-117.1205904
402,402,402,171486,2017-02-20 00:01:00,315,2200, ,GILL VILLAGE,WAY, , , ,MISC-HAZ,VC,MISCELLANEOUS HAZARDOUS VIOLATIONS OF THE VEHICLE CODE,0,0,MISDEMEANOR,32.7742119,-117.1467197
403,403,403,171440,2017-02-20 00:03:00,315,2500, ,NORTHSIDE,DRIVE, , , ,20002(A),VC,HIT AND RUN,0,0,MISDEMEANOR,32.7840365,-117.1282071
404,404,404,171647,2017-02-20 01:00:00,624,2300, ,EL CAJON,BOULEVARD, , , ,MISC-HAZ,VC,MISCELLANEOUS HAZARDOUS VIOLATIONS OF THE VEHICLE CODE,0,0,MISDEMEANOR,32.755381400000005,-117.1400765
405,405,405,171432,2017-02-20 04:30:00,611,3500, ,SPORTS ARENA,BOULEVARD, , , ,MISC-HAZ,VC,MISCELLANEOUS HAZARDOUS VIOLATIONS OF THE VEHICLE CODE,0,0,MISDEMEANOR,32.7551821,-117.2123081
406,406,406,171888,2017-02-20 06:00:00,451,5200, ,PIROTTE,DRIVE, , , ,MISC-HAZ,VC,MISCELLANEOUS HAZARDOUS VIOLATIONS OF THE VEHICLE CODE,0,0,MISDEMEANOR,32.7292063,-117.0837136
407,407,407,171520,2017-02-20 07:00:00,613,3900, ,WEST POINT LOMA,BOULEVARD, , , ,MISC-HAZ,VC,MISCELLANEOUS HAZARDOUS VIOLATIONS OF THE VEHICLE CODE,0,0,MISDEMEANOR,32.7548007,-117.220005
408,408,408,171492,2017-02-20 08:30:00,839,3900, ,WIGHTMAN,STREET, , , ,22107,VC,TURNING MOVEMENTS AND REQUIRED SIGNALS,0,0,MISDEMEANOR,32.7478386,-117.1106798
409,409,409,171388,2017-02-20 11:13:00,122,4700, ,JEWELL,STREET, , , ,22107,VC,TURNING MOVEMENTS AND REQUIRED SIGNALS,0,0,MISDEMEANOR,32.80299400000001,-117.2398427
410,410,410,171495,2017-02-20 11:20:00,324,6400, ,LAKE ARROWHEAD,DRIVE, , , ,22450(A),VC,STOP REQUIREMENTS STATE STOP LINE,1,0,MISDEMEANOR,32.796561600000004,-117.0099008
411,411,411,171489,2017-02-20 11:58:00,813,0, ,HOWARD,AVENUE, ,IDAHO,STREET,MISC-HAZ,VC,MISCELLANEOUS HAZARDOUS VIOLATIONS OF THE VEHICLE CODE,0,0,MISDEMEANOR,32.75406,-117.1357461
412,412,412,171376,2017-02-20 12:57:00,811,3600, ,EL CAJON,BOULEVARD, , , ,21658A,VC,LANED ROADWAYS - STRADDLING OR UNSAFE CHANGING,0,0,,32.7552964,-117.1157874
413,413,413,171508,2017-02-20 14:15:00,124,2600, ,HIDDEN VALLEY,ROAD, , , ,MISC-HAZ,VC,MISCELLANEOUS HAZARDOUS VIOLATIONS OF THE VEHICLE CODE,0,0,MISDEMEANOR,32.847852100000004,-117.251505
414,414,414,171434,2017-02-20 16:10:00,623,7000, ,FRIARS,ROAD, , , ,MISC-HAZ,VC,MISCELLANEOUS HAZARDOUS VIOLATIONS OF THE VEHICLE CODE,0,0,MISDEMEANOR,32.7693892,-117.1701881
415,415,415,172092,2017-02-20 17:00:00,623,7000, ,FRIARS,ROAD, , , ,MISC-HAZ,VC,MISCELLANEOUS HAZARDOUS VIOLATIONS OF THE VEHICLE CODE,0,0,MISDEMEANOR,32.7693892,-117.1701881
416,416,416,171481,2017-02-20 18:00:00,121,700, ,VENTURA,PLACE, , , ,MISC-HAZ,VC,MISCELLANEOUS HAZARDOUS VIOLATIONS OF THE VEHICLE CODE,0,0,MISDEMEANOR,32.7721747,-117.2525503
417,417,417,171409,2017-02-20 18:03:00,528,1400, ,STATE,STREET, , , ,21453A,VC,RED OR STOPVEHICLES STOP AT LIMIT LINE,1,0,,32.7198763,-117.1664963
418,418,418,171592,2017-02-20 20:10:00,521,1500, ,F,STREET, , , ,22350,VC,VIOLATION OF BASIC SPEED LAW SPEED UNSAFE FOR CONDITIONS,4,0,MISDEMEANOR,32.713667699999995,-117.1503648
419,419,419,171606,2017-02-20 20:18:00,124,8800, ,VILLA LA JOLLA,DRIVE, , , ,21950B,VC,PEDESTRIAN NOT TO SUDDENLY ENTER PATH ETC,1,0,,32.8686115,-117.234075
420,420,420,171480,2017-02-20 21:11:00,123,1300, ,WEST MISSION BAY,DRIVE, , , ,22107,VC,TURNING MOVEMENTS AND REQUIRED SIGNALS,0,0,,32.7667502,-117.2406038
421,421,421,171420,2017-02-20 22:00:00,934,3000, ,DEL MAR HEIGHTS,ROAD, , , ,21453A,VC,RED OR STOPVEHICLES STOP AT LIMIT LINE,3,0,,32.9511815,-117.2417072
422,422,422,171418,2017-02-20 22:10:00,937,14400, ,CAM DEL SUR, , , , ,22350,VC,VIOLATION OF BASIC SPEED LAW SPEED UNSAFE FOR CONDITIONS,1,0,,32.9787298,-117.149389
423,423,423,171539,2017-02-21 00:01:00,822,5400, ,UNIVERSITY,AVENUE, , , ,MISC-HAZ,VC,MISCELLANEOUS HAZARDOUS VIOLATIONS OF THE VEHICLE CODE,0,0,MISDEMEANOR,32.7488508,-117.0793745
424,424,424,172311,2017-02-21 06:00:00,937,16000, ,PASEO DEL SUR, , , , ,22107,VC,TURNING MOVEMENTS AND REQUIRED SIGNALS,0,0,,33.019321600000005,-117.1325874
425,425,425,171506,2017-02-21 06:30:00,321,4900, ,WARING,ROAD, , , ,22107,VC,TURNING MOVEMENTS AND REQUIRED SIGNALS,1,0,,32.7825294,-117.08713
426,426,426,171602,2017-02-21 07:55:00,622,5400, ,LINDA VISTA,ROAD, , , ,22106,VC,STARTING PARKED VEHICLES OR BACKING,1,0,,32.767503000000005,-117.1950965
427,427,427,171808,2017-02-21 10:46:00,824,4600, ,EL CAJON,BOULEVARD, , , ,MISC-HAZ,VC,MISCELLANEOUS HAZARDOUS VIOLATIONS OF THE VEHICLE CODE,0,0,MISDEMEANOR,32.7561885,-117.0954738
428,428,428,171522,2017-02-21 11:13:00,321,4600, ,VANDEVER,AVENUE, , , ,22106,VC,STARTING PARKED VEHICLES OR BACKING,0,0,MISDEMEANOR,32.7876878,-117.0958024
429,429,429,171593,2017-02-21 11:50:00,122,2100, ,GARNET,AVENUE, , , ,21952,VC,RIGHT OF WAY ON SIDEWALK,1,0,MISDEMEANOR,32.8017988,-117.2316686
430,430,430,171482,2017-02-21 13:20:00,115,9100, ,TOWNE CENTRE,DRIVE, , , ,MISC-HAZ,VC,MISCELLANEOUS HAZARDOUS VIOLATIONS OF THE VEHICLE CODE,0,0,MISDEMEANOR,32.869934,-117.207082
431,431,431,171535,2017-02-21 13:50:00,517,1300, ,20TH,STREET, , , ,22106,VC,STARTING PARKED VEHICLES OR BACKING,0,0,,32.717718100000006,-117.1460687
432,432,432,171515,2017-02-21 15:25:00,621,6700, ,TAIT,STREET, , , ,MISC-HAZ,VC,MISCELLANEOUS HAZARDOUS VIOLATIONS OF THE VEHICLE CODE,0,0,MISDEMEANOR,32.7810213,-117.1748242
433,433,433,171524,2017-02-21 16:10:00,115,5100, ,GOVERNOR,DRIVE, , , ,21703,VC,FOLLOWING TOO CLOSELY,1,0,,32.855693,-117.186606
434,434,434,171503,2017-02-21 16:24:00,315,2700, ,CAM DEL RIO, , , , ,21800A,VC,UNCONTROLLED INTERSECTIONYIELD TO FIRST VEHICLE WITHIN,4,0,,32.7730925,-117.13339270000002
435,435,435,171727,2017-02-21 16:45:00,627,3700, ,06TH,AVENUE, , , ,22106,VC,STARTING PARKED VEHICLES OR BACKING,0,0,MISDEMEANOR,32.715738,-117.1610838
436,436,436,171556,2017-02-21 17:09:00,611,4000, ,SPORTS ARENA,BOULEVARD, , , ,22106,VC,STARTING PARKED VEHICLES OR BACKING,1,0,,32.755826899999995,-117.2205323
437,437,437,171504,2017-02-21 17:10:00,321,6500, ,MISSION GORGE,ROAD, , , ,21453A,VC,RED OR STOPVEHICLES STOP AT LIMIT LINE,1,0,,32.7908786,-117.097697
438,438,438,172161,2017-02-21 17:45:00,722,1900, ,ILEX,AVENUE, , , ,21956,VC,PEDESTRIAN ON ROADWAY,1,0,,32.5700404,-117.0927525
439,439,439,171502,2017-02-21 17:46:00,821,6200, ,EL CAJON,BOULEVARD, , , ,21703,VC,FOLLOWING TOO CLOSELY,1,0,,32.7634434,-117.0643044
440,440,440,172230,2017-02-21 18:08:00,113,4500, ,JUTLAND,PLACE, , , ,22107,VC,TURNING MOVEMENTS AND REQUIRED SIGNALS,0,0,MISDEMEANOR,32.8267463,-117.222261
441,441,441,171534,2017-02-21 18:49:00,322,7400, ,MISSION GORGE,ROAD, , , ,22106,VC,STARTING PARKED VEHICLES OR BACKING,0,0,,32.807565999999994,-117.078448
442,442,442,171518,2017-02-21 19:55:00,441,4200, ,LOGAN,AVENUE, , , ,22107,VC,TURNING MOVEMENTS AND REQUIRED SIGNALS,0,0,MISDEMEANOR,32.697073100000004,-117.1032283
443,443,443,171501,2017-02-21 22:30:00,441,4300, ,KEELER,AVENUE, , , ,22107,VC,TURNING MOVEMENTS AND REQUIRED SIGNALS,1,0,,32.6939731,-117.1023817
444,444,444,171500,2017-02-21 22:30:00,437,7700, ,PARADISE VALLEY,ROAD, , , ,21800A,VC,UNCONTROLLED INTERSECTIONYIELD TO FIRST VEHICLE WITHIN,1,0,,32.69577,-117.0293885
445,445,445,172550,2017-02-21 22:49:00,446,1300,S,47TH,STREET, , , ,22107,VC,TURNING MOVEMENTS AND REQUIRED SIGNALS,0,0,MISDEMEANOR,32.718658500000004,-117.0935586
446,446,446,171511,2017-02-22 00:01:00,114,5500, ,CLAIREMONT MESA,BOULEVARD, , , ,MISC-HAZ,VC,MISCELLANEOUS HAZARDOUS VIOLATIONS OF THE VEHICLE CODE,0,0,MISDEMEANOR,32.834300899999995,-117.1738308
447,447,447,171538,2017-02-22 02:00:00,246,10100, ,SCRIPPS POWAY,PARKWAY, , , ,22350,VC,VIOLATION OF BASIC SPEED LAW SPEED UNSAFE FOR CONDITIONS,1,0,MISDEMEANOR,32.936475800000004,-117.110556
448,448,448,171529,2017-02-22 07:54:00,246,11600, ,SCRIPPS POWAY,PARKWAY, , , ,MISC-HAZ,VC,MISCELLANEOUS HAZARDOUS VIOLATIONS OF THE VEHICLE CODE,2,0,,32.9345653,-117.0729329
449,449,449,171437,2017-02-22 08:30:00,524,600, ,BROADWAY, , , , ,MISC-HAZ,VC,MISCELLANEOUS HAZARDOUS VIOLATIONS OF THE VEHICLE CODE,0,0,MISDEMEANOR,32.71571309999999,-117.1592957
450,450,450,171483,2017-02-22 08:40:00,115,9900, ,GENESEE,AVENUE, , , ,MISC-HAZ,VC,MISCELLANEOUS HAZARDOUS VIOLATIONS OF THE VEHICLE CODE,0,0,MISDEMEANOR,32.8863326,-117.2265948
451,451,451,171548,2017-02-22 10:05:00,611,3700, ,ROSECRANS,STREET, , , ,22106,VC,STARTING PARKED VEHICLES OR BACKING,1,0,,32.7517781,-117.2044046
452,452,452,172657,2017-02-22 10:46:00,834,3700, ,FAIRMOUNT,AVENUE, , , ,22107,VC,TURNING MOVEMENTS AND REQUIRED SIGNALS,0,0,,32.7470313,-117.1009399
453,453,453,171689,2017-02-22 10:47:00,326,5300, ,MONTEZUMA,ROAD, , , ,22107,VC,TURNING MOVEMENTS AND REQUIRED SIGNALS,0,0,,32.7715726,-117.0816615
454,454,454,171553,2017-02-22 12:04:00,445,4400, ,G,STREET, , , ,21755,VC,PASS ON THE RIGHT SAFELY,0,0,,32.71326820000001,-117.1243243
455,455,455,171513,2017-02-22 13:00:00,713,1500, ,HERITAGE,ROAD, , , ,22107,VC,TURNING MOVEMENTS AND REQUIRED SIGNALS,0,0,MISDEMEANOR,32.571834,-116.9967724
456,456,456,171533,2017-02-22 13:02:00,451,6500, ,COLLEGE GROVE,DRIVE, , , ,21453B,VC,AFTER STOPPING YIELD TO PEDESTRIANS,1,0,,32.740875800000005,-117.057169
457,457,457,171620,2017-02-22 16:00:00,243,8200, ,MIRAMAR,ROAD, , , ,21453A,VC,RED OR STOPVEHICLES STOP AT LIMIT LINE,3,0,,32.8897702,-117.1428157
458,458,458,171532,2017-02-22 17:59:00,446,200,S,WILLIE JAMES JONES,AVENUE, , , ,22107,VC,TURNING MOVEMENTS AND REQUIRED SIGNALS,1,0,,32.7049854,-117.0885882
459,459,459,171642,2017-02-22 20:45:00,623,7000, ,FRIARS,ROAD, , , ,22106,VC,STARTING PARKED VEHICLES OR BACKING,0,0,MISDEMEANOR,32.7693892,-117.1701881
460,460,460,171784,2017-02-22 21:00:00,124,1000, ,NEWKIRK,DRIVE, , , ,22350,VC,VIOLATION OF BASIC SPEED LAW SPEED UNSAFE FOR CONDITIONS,1,0,MISDEMEANOR,32.8250151,-117.2682241
461,461,461,171566,2017-02-22 22:08:00,313,7900, ,ARMOUR,STREET, , , ,22107,VC,TURNING MOVEMENTS AND REQUIRED SIGNALS,0,0,,32.8200022,-117.1530939
462,462,462,171572,2017-02-22 22:18:00,723,3700, ,AREY,DRIVE, , , ,22107,VC,TURNING MOVEMENTS AND REQUIRED SIGNALS,0,0,MISDEMEANOR,32.57905040000001,-117.0559454
463,463,463,171509,2017-02-22 22:44:00,124,2400, ,LA JOLLA,PARKWAY, , , ,21453A,VC,RED OR STOPVEHICLES STOP AT LIMIT LINE,0,0,MISDEMEANOR,32.8485342,-117.2478864
464,464,464,171586,2017-02-22 23:13:00,835,4200, ,POPLAR,STREET, , , ,22107,VC,TURNING MOVEMENTS AND REQUIRED SIGNALS,0,0,MISDEMEANOR,32.7351003,-117.10492820000002
465,465,465,171525,2017-02-23 00:01:00,931,9600, ,SCRANTON,ROAD, , , ,23152A,VC,DUI ALCOHOL,0,0,,32.8952103,-117.2027791
466,466,466,171551,2017-02-23 03:45:00,524,900, ,11TH,AVENUE, , , ,22107,VC,TURNING MOVEMENTS AND REQUIRED SIGNALS,2,0,,32.7147076,-117.1546985
467,467,467,171598,2017-02-23 08:35:00,446,1100,S,EUCLID,AVENUE, , , ,22107,VC,TURNING MOVEMENTS AND REQUIRED SIGNALS,2,0,,32.7174226,-117.0850275
468,468,468,171794,2017-02-23 08:57:00,326,4500, ,MONTEZUMA,ROAD, , , ,22350,VC,VIOLATION OF BASIC SPEED LAW SPEED UNSAFE FOR CONDITIONS,1,0,,32.7718518,-117.0945594
469,469,469,171552,2017-02-23 09:19:00,611,3800, ,PACIFIC,HIGHWAY, , , ,22350,VC,VIOLATION OF BASIC SPEED LAW SPEED UNSAFE FOR CONDITIONS,1,0,,32.7425195,-117.1892997
470,470,470,171683,2017-02-23 10:20:00,315,1400, ,CAM DEL RIO, , , , ,22350,VC,VIOLATION OF BASIC SPEED LAW SPEED UNSAFE FOR CONDITIONS,1,0,,32.7669318,-117.1519159
471,471,471,171560,2017-02-23 10:30:00,246,11700, ,CYPRESS CANYON,ROAD, , , ,21703,VC,FOLLOWING TOO CLOSELY,1,0,,32.9275489,-117.07105990000002
472,472,472,171734,2017-02-23 10:44:00,825,4700, ,MARLBOROUGH,DRIVE, , , ,22107,VC,TURNING MOVEMENTS AND REQUIRED SIGNALS,0,0,MISDEMEANOR,32.7633187,-117.1063899
473,473,473,171916,2017-02-23 11:00:00,935,2600, ,VIA DE LA VALLE, , , , ,MISC-HAZ,VC,MISCELLANEOUS HAZARDOUS VIOLATIONS OF THE VEHICLE CODE,0,0,MISDEMEANOR,32.9813347,-117.251904
474,474,474,171864,2017-02-23 11:25:00,511,3300, ,HARBOR,DRIVE, , , ,22107,VC,TURNING MOVEMENTS AND REQUIRED SIGNALS,0,0,,32.7291978,-117.19330759999998
475,475,475,171545,2017-02-23 11:40:00,524,0, ,10TH, , , , ,MISC-HAZ,VC,MISCELLANEOUS HAZARDOUS VIOLATIONS OF THE VEHICLE CODE,0,0,MISDEMEANOR,32.714702,-117.155603
476,476,476,171812,2017-02-23 12:21:00,242,10800, ,WESTVIEW,PARKWAY, , , ,MISC-HAZ,VC,MISCELLANEOUS HAZARDOUS VIOLATIONS OF THE VEHICLE CODE,0,0,MISDEMEANOR,32.9171277,-117.1206294
477,477,477,171799,2017-02-23 13:08:00,812,2500, ,32ND,STREET, , , ,21703,VC,FOLLOWING TOO CLOSELY,1,0,,32.7319042,-117.1251784
478,478,478,171565,2017-02-23 14:08:00,937,14600, ,CAM DEL SUR, , , , ,22107,VC,TURNING MOVEMENTS AND REQUIRED SIGNALS,1,0,,32.9944342,-117.1578443
479,479,479,171540,2017-02-23 15:34:00,515,300, ,DODSON,STREET, , , ,21954A,VC,PEDESTRIANS OUTSIDE CROSSWALKS,1,0,MISDEMEANOR,32.7084973,-117.1311393
480,480,480,171670,2017-02-23 15:49:00,529,200,W,LAUREL,STREET, , , ,22450(A),VC,STOP REQUIREMENTS STATE STOP LINE,1,0,,32.7313852,-117.1630256
481,481,481,171507,2017-02-23 16:30:00,615,1200, ,ROSECRANS,STREET, , , ,MISC-HAZ,VC,MISCELLANEOUS HAZARDOUS VIOLATIONS OF THE VEHICLE CODE,0,0,MISDEMEANOR,32.7225735,-117.2309505
482,482,482,171599,2017-02-23 17:14:00,713,8600, ,AIRWAY,ROAD, , , ,21801A,VC,LEFT TURN YIELD UNTIL SAFE OR U-TURN,1,0,,32.560499199999995,-116.9584171
483,483,483,171543,2017-02-23 17:17:00,243,8500, ,MIRAMAR,ROAD, , , ,22106,VC,STARTING PARKED VEHICLES OR BACKING,0,0,MISDEMEANOR,32.8916012,-117.139659
484,484,484,171601,2017-02-23 17:29:00,623,1300, ,FASHION VALLEY,ROAD, , , ,22106,VC,STARTING PARKED VEHICLES OR BACKING,1,0,,32.7682419,-117.1714658
485,485,485,171550,2017-02-23 17:30:00,529,400,W,LAUREL,STREET, , , ,MISC-HAZ,VC,MISCELLANEOUS HAZARDOUS VIOLATIONS OF THE VEHICLE CODE,1,0,,32.7313886,-117.16121499999998
486,486,486,171580,2017-02-23 18:30:00,122,1900, ,GARNET,AVENUE, , , ,22107,VC,TURNING MOVEMENTS AND REQUIRED SIGNALS,0,0,MISDEMEANOR,32.8010031,-117.2353178
487,487,487,171523,2017-02-23 18:44:00,122,1400, ,LORING,STREET, , , ,22100A,VC,RIGHT TURNS AT INTERSECTIONS,0,0,,32.8073798,-117.2471376
488,488,488,171604,2017-02-23 19:16:00,124,0, ,PROSPECT,STREET, ,SILVERADO, ,21708,VC,RUNNING OVER FIRE OR CHEMICAL HOSE,2,0,,32.845081,-117.2767898
489,489,489,171621,2017-02-23 21:15:00,834,3800, ,41ST,STREET, , , ,21703,VC,FOLLOWING TOO CLOSELY,1,0,,32.7478055,-117.1069558
490,490,490,171582,2017-02-23 22:24:00,232,11800, ,CARMEL MTN,ROAD, , , ,22108,VC,DURATION OF SIGNAL,0,0,MISDEMEANOR,32.981085300000004,-117.0790002
491,491,491,171894,2017-02-23 22:50:00,711,2600, ,HOLLISTER,STREET, , , ,21202A,VC,BICYCLIST FAILURE TO USE RIGHT EDGE ROAD,1,0,,32.5482076,-117.0847101
492,492,492,171677,2017-02-24 05:30:00,241,11000, ,SCRIPPS RANCH,BOULEVARD, , , ,21657,VC,OFF-CENTER LANES,2,0,,32.9206196,-117.1102869
493,493,493,171902,2017-02-24 07:50:00,321,5900, ,FAIRMOUNT,AVENUE, , , ,22107,VC,TURNING MOVEMENTS AND REQUIRED SIGNALS,0,0,,32.7820515,-117.1021
494,494,494,171587,2017-02-24 09:30:00,813,2900, ,UNIVERSITY,AVENUE, , , ,22107,VC,TURNING MOVEMENTS AND REQUIRED SIGNALS,0,0,MISDEMEANOR,32.7486933,-117.1314603
495,495,495,171579,2017-02-24 09:40:00,124,9100, ,NORTH TORREY PINES,ROAD, , , ,MISC-HAZ,VC,MISCELLANEOUS HAZARDOUS VIOLATIONS OF THE VEHICLE CODE,0,0,MISDEMEANOR,32.8712493,-117.24355959999998
496,496,496,171773,2017-02-24 10:00:00,113,3000, ,NAUGATUCK,AVENUE, , , ,22107,VC,TURNING MOVEMENTS AND REQUIRED SIGNALS,0,0,MISDEMEANOR,32.834336900000004,-117.2189208
497,497,497,171573,2017-02-24 12:49:00,628,3700, ,INDIA,STREET, , , ,22107,VC,TURNING MOVEMENTS AND REQUIRED SIGNALS,0,0,MISDEMEANOR,32.74324,-117.1812154
498,498,498,171821,2017-02-24 13:00:00,438,3000, ,DARDAINA,DRIVE, , , ,22107,VC,TURNING MOVEMENTS AND REQUIRED SIGNALS,0,0,MISDEMEANOR,32.6671255,-117.0564487
